ngay,kenh,chien_dich,hien_thi,luot_nhap,chi_phi,chuyen_doi,doanh_thu_quy_ket
2026-06-01,paid_search,TK-thuong-hieu,11478,950,2687000,55,21450000
2026-06-01,paid_search,TK-danh-muc,13565,381,1684000,8,3992000
2026-06-01,social_paid,MXH-nhan-biet,21179,217,192000,1,389000
2026-06-01,social_paid,MXH-tiep-thi-lai,29828,545,892000,26,11206000
2026-06-02,paid_search,TK-thuong-hieu,10376,840,2380000,59,30385000
2026-06-02,paid_search,TK-danh-muc,13677,417,1597000,12,6924000
2026-06-02,social_paid,MXH-nhan-biet,16098,124,116000,1,550000
2026-06-02,social_paid,MXH-tiep-thi-lai,29389,679,1139000,27,11745000
2026-06-03,paid_search,TK-thuong-hieu,7352,655,1791000,37,19758000
2026-06-03,paid_search,TK-danh-muc,8816,314,1334000,7,3234000
2026-06-03,social_paid,MXH-nhan-biet,24566,215,186000,1,492000
2026-06-03,social_paid,MXH-tiep-thi-lai,20195,452,736000,21,10206000
2026-06-04,paid_search,TK-thuong-hieu,8136,606,1728000,38,17480000
2026-06-04,paid_search,TK-danh-muc,8655,273,1050000,8,3240000
2026-06-04,social_paid,MXH-nhan-biet,15589,155,142000,1,565000
2026-06-04,social_paid,MXH-tiep-thi-lai,18124,378,592000,19,9690000
2026-06-05,paid_search,TK-thuong-hieu,8085,624,1788000,31,13082000
2026-06-05,paid_search,TK-danh-muc,12992,449,1860000,11,5192000
2026-06-05,social_paid,MXH-nhan-biet,18228,154,148000,1,491000
2026-06-05,social_paid,MXH-tiep-thi-lai,14365,336,558000,16,6368000
2026-06-06,paid_search,TK-thuong-hieu,13447,1070,2829000,65,34450000
2026-06-06,paid_search,TK-danh-muc,9276,252,1042000,6,3468000
2026-06-06,social_paid,MXH-nhan-biet,18698,172,158000,1,519000
2026-06-06,social_paid,MXH-tiep-thi-lai,32494,633,957000,30,13410000
2026-06-07,paid_search,TK-thuong-hieu,13076,1114,3396000,77,36267000
2026-06-07,paid_search,TK-danh-muc,14236,440,1879000,14,6468000
2026-06-07,social_paid,MXH-nhan-biet,19886,192,187000,1,400000
2026-06-07,social_paid,MXH-tiep-thi-lai,18068,361,526000,15,7590000
2026-06-08,paid_search,TK-thuong-hieu,13339,1044,2954000,59,23659000
2026-06-08,paid_search,TK-danh-muc,11411,381,1734000,12,4968000
2026-06-08,social_paid,MXH-nhan-biet,26688,213,204000,1,429000
2026-06-08,social_paid,MXH-tiep-thi-lai,26929,499,853000,23,9683000
2026-06-09,paid_search,TK-thuong-hieu,11507,970,2746000,71,32589000
2026-06-09,paid_search,TK-danh-muc,14843,414,1768000,12,4752000
2026-06-09,social_paid,MXH-nhan-biet,25236,245,224000,1,557000
2026-06-09,social_paid,MXH-tiep-thi-lai,22619,466,794000,25,9875000
2026-06-10,paid_search,TK-thuong-hieu,14094,1135,2922000,62,23188000
2026-06-10,paid_search,TK-danh-muc,12863,444,1894000,10,4490000
2026-06-10,social_paid,MXH-nhan-biet,29338,260,219000,1,395000
2026-06-10,social_paid,MXH-tiep-thi-lai,25052,539,830000,28,10836000
2026-06-11,paid_search,TK-thuong-hieu,13689,1027,3157000,55,22935000
2026-06-11,paid_search,TK-danh-muc,6808,230,954000,7,2569000
2026-06-11,social_paid,MXH-nhan-biet,14410,110,91000,1,374000
2026-06-11,social_paid,MXH-tiep-thi-lai,32734,649,966000,28,12068000
2026-06-12,paid_search,TK-thuong-hieu,10205,871,2673000,59,28969000
2026-06-12,paid_search,TK-danh-muc,7420,222,987000,7,3290000
2026-06-12,social_paid,MXH-nhan-biet,14923,143,135000,1,385000
2026-06-12,social_paid,MXH-tiep-thi-lai,19511,375,571000,19,9177000
2026-06-13,paid_search,TK-thuong-hieu,13699,1179,3539000,73,28397000
2026-06-13,paid_search,TK-danh-muc,11798,379,1601000,11,6347000
2026-06-13,social_paid,MXH-nhan-biet,25482,242,234000,1,562000
2026-06-13,social_paid,MXH-tiep-thi-lai,23083,540,943000,30,16530000
2026-06-14,paid_search,TK-thuong-hieu,10933,800,2332000,41,20213000
2026-06-14,paid_search,TK-danh-muc,6315,230,872000,7,3815000
2026-06-14,social_paid,MXH-nhan-biet,14069,124,103000,1,371000
2026-06-14,social_paid,MXH-tiep-thi-lai,19973,383,603000,20,10620000
2026-06-15,paid_search,TK-thuong-hieu,14329,1168,3480000,74,35002000
2026-06-15,paid_search,TK-danh-muc,7149,234,988000,5,2095000
2026-06-15,social_paid,MXH-nhan-biet,13398,109,95000,1,477000
2026-06-15,social_paid,MXH-tiep-thi-lai,32708,693,1127000,39,22035000
2026-06-16,paid_search,TK-thuong-hieu,14391,1245,3655000,64,25152000
2026-06-16,paid_search,TK-danh-muc,10256,371,1605000,8,3216000
2026-06-16,social_paid,MXH-nhan-biet,28072,274,258000,2,900000
2026-06-16,social_paid,MXH-tiep-thi-lai,14008,269,445000,14,6412000
2026-06-17,paid_search,TK-thuong-hieu,11556,903,2423000,45,24885000
2026-06-17,paid_search,TK-danh-muc,14449,407,1673000,10,5290000
2026-06-17,social_paid,MXH-nhan-biet,30664,244,207000,1,509000
2026-06-17,social_paid,MXH-tiep-thi-lai,19474,410,719000,18,9180000
2026-06-18,paid_search,TK-thuong-hieu,14871,1440,4151000,96,46848000
2026-06-18,paid_search,TK-danh-muc,13520,451,1912000,14,6622000
2026-06-18,social_paid,MXH-nhan-biet,15313,129,128000,1,579000
2026-06-18,social_paid,MXH-tiep-thi-lai,26209,492,813000,21,12159000
2026-06-19,paid_search,TK-thuong-hieu,11711,906,2765000,57,22686000
2026-06-19,paid_search,TK-danh-muc,12784,353,1347000,9,4599000
2026-06-19,social_paid,MXH-nhan-biet,29240,234,214000,1,481000
2026-06-19,social_paid,MXH-tiep-thi-lai,16322,342,533000,14,7084000
2026-06-20,paid_search,TK-thuong-hieu,8669,658,1698000,46,21712000
2026-06-20,paid_search,TK-danh-muc,13616,485,2218000,11,6281000
2026-06-20,social_paid,MXH-nhan-biet,16992,151,131000,1,382000
2026-06-20,social_paid,MXH-tiep-thi-lai,14918,308,460000,17,8585000
2026-06-21,paid_search,TK-thuong-hieu,12142,896,2559000,55,22110000
2026-06-21,paid_search,TK-danh-muc,7175,239,917000,7,3836000
2026-06-21,social_paid,MXH-nhan-biet,26238,241,201000,1,383000
2026-06-21,social_paid,MXH-tiep-thi-lai,15310,274,397000,14,5376000
2026-06-22,paid_search,TK-thuong-hieu,10104,739,2237000,39,16926000
2026-06-22,paid_search,TK-danh-muc,6996,257,1134000,6,2742000
2026-06-22,social_paid,MXH-nhan-biet,29721,242,205000,2,1146000
2026-06-22,social_paid,MXH-tiep-thi-lai,22713,514,840000,28,14196000
2026-06-23,paid_search,TK-thuong-hieu,12056,981,2907000,52,22880000
2026-06-23,paid_search,TK-danh-muc,14836,536,2156000,13,5590000
2026-06-23,social_paid,MXH-nhan-biet,24407,233,205000,1,557000
2026-06-23,social_paid,MXH-tiep-thi-lai,25191,589,976000,28,10920000
2026-06-24,paid_search,TK-thuong-hieu,14144,1167,3149000,62,26164000
2026-06-24,paid_search,TK-danh-muc,12816,460,1968000,13,6916000
2026-06-24,social_paid,MXH-nhan-biet,18384,185,168000,1,360000
2026-06-24,social_paid,MXH-tiep-thi-lai,18096,381,593000,20,11360000
2026-06-25,paid_search,TK-thuong-hieu,8718,634,1738000,32,13536000
2026-06-25,paid_search,TK-danh-muc,6542,187,823000,4,1580000
2026-06-25,social_paid,MXH-nhan-biet,25074,203,187000,1,562000
2026-06-25,social_paid,MXH-tiep-thi-lai,27719,559,915000,29,14645000
2026-06-26,paid_search,TK-thuong-hieu,12201,1108,2808000,56,20496000
2026-06-26,paid_search,TK-danh-muc,9484,282,1291000,7,3934000
2026-06-26,social_paid,MXH-nhan-biet,30877,267,248000,1,431000
2026-06-26,social_paid,MXH-tiep-thi-lai,31274,701,1134000,35,16590000
2026-06-27,paid_search,TK-thuong-hieu,9486,755,2051000,56,20664000
2026-06-27,paid_search,TK-danh-muc,9676,334,1271000,11,5731000
2026-06-27,social_paid,MXH-nhan-biet,27689,242,199000,2,918000
2026-06-27,social_paid,MXH-tiep-thi-lai,15682,328,488000,14,7616000
2026-06-28,paid_search,TK-thuong-hieu,14309,1143,2985000,63,23625000
2026-06-28,paid_search,TK-danh-muc,12425,408,1773000,10,4810000
2026-06-28,social_paid,MXH-nhan-biet,13901,125,114000,1,361000
2026-06-28,social_paid,MXH-tiep-thi-lai,27710,565,841000,26,12220000
2026-06-29,paid_search,TK-thuong-hieu,8935,684,1852000,40,20840000
2026-06-29,paid_search,TK-danh-muc,13898,467,1943000,12,6792000
2026-06-29,social_paid,MXH-nhan-biet,15459,125,118000,1,511000
2026-06-29,social_paid,MXH-tiep-thi-lai,13365,258,427000,11,5841000
2026-06-30,paid_search,TK-thuong-hieu,11508,1069,2842000,67,29011000
2026-06-30,paid_search,TK-danh-muc,14283,499,2170000,16,7056000
2026-06-30,social_paid,MXH-nhan-biet,25546,225,185000,1,368000
2026-06-30,social_paid,MXH-tiep-thi-lai,21293,479,791000,21,11844000
2026-07-01,paid_search,TK-thuong-hieu,13045,1211,3226000,72,35496000
2026-07-01,paid_search,TK-danh-muc,11677,318,1405000,8,3368000
2026-07-01,social_paid,MXH-nhan-biet,24154,204,170000,1,430000
2026-07-01,social_paid,MXH-tiep-thi-lai,21612,438,654000,18,8406000
2026-07-02,paid_search,TK-thuong-hieu,7133,574,1573000,34,15300000
2026-07-02,paid_search,TK-danh-muc,12200,380,1515000,11,6281000
2026-07-02,social_paid,MXH-nhan-biet,28456,234,213000,1,547000
2026-07-02,social_paid,MXH-tiep-thi-lai,25792,591,857000,25,9375000
2026-07-03,paid_search,TK-thuong-hieu,6935,583,1678000,40,21320000
2026-07-03,paid_search,TK-danh-muc,9376,300,1258000,8,2976000
2026-07-03,social_paid,MXH-nhan-biet,17076,133,111000,1,466000
2026-07-03,social_paid,MXH-tiep-thi-lai,29048,642,1031000,28,10388000
2026-07-04,paid_search,TK-thuong-hieu,12887,1021,2773000,56,26040000
2026-07-04,paid_search,TK-danh-muc,9484,318,1298000,8,2920000
2026-07-04,social_paid,MXH-nhan-biet,13388,119,100000,1,475000
2026-07-04,social_paid,MXH-tiep-thi-lai,21182,472,776000,22,11880000
2026-07-05,paid_search,TK-thuong-hieu,10520,800,2281000,45,21825000
2026-07-05,paid_search,TK-danh-muc,14210,459,1876000,13,6409000
2026-07-05,social_paid,MXH-nhan-biet,21208,191,176000,1,548000
2026-07-05,social_paid,MXH-tiep-thi-lai,14023,327,561000,15,7755000
2026-07-06,paid_search,TK-thuong-hieu,14231,1203,3283000,60,22620000
2026-07-06,paid_search,TK-danh-muc,9902,349,1507000,11,6193000
2026-07-06,social_paid,MXH-nhan-biet,31419,291,286000,2,1138000
2026-07-06,social_paid,MXH-tiep-thi-lai,15686,360,612000,18,9846000
2026-07-07,paid_search,TK-thuong-hieu,12630,981,2681000,69,34776000
2026-07-07,paid_search,TK-danh-muc,9485,344,1482000,8,3184000
2026-07-07,social_paid,MXH-nhan-biet,26348,234,197000,2,852000
2026-07-07,social_paid,MXH-tiep-thi-lai,15359,352,586000,14,6076000
2026-07-08,paid_search,TK-thuong-hieu,8747,831,2211000,48,18240000
2026-07-08,paid_search,TK-danh-muc,6879,198,860000,6,2670000
2026-07-08,social_paid,MXH-nhan-biet,25326,253,227000,2,786000
2026-07-08,social_paid,MXH-tiep-thi-lai,14289,260,401000,10,5640000
2026-07-09,paid_search,TK-thuong-hieu,14161,1097,2920000,64,34176000
2026-07-09,paid_search,TK-danh-muc,13985,465,1791000,12,6324000
2026-07-09,social_paid,MXH-nhan-biet,23806,195,165000,1,538000
2026-07-09,social_paid,MXH-tiep-thi-lai,30257,703,1216000,29,12296000
2026-07-10,paid_search,TK-thuong-hieu,12627,1028,2606000,72,38376000
2026-07-10,paid_search,TK-danh-muc,11498,370,1636000,11,5984000
2026-07-10,social_paid,MXH-nhan-biet,27121,225,185000,1,518000
2026-07-10,social_paid,MXH-tiep-thi-lai,31335,634,939000,35,16415000
2026-07-11,paid_search,TK-thuong-hieu,7609,667,1871000,45,19080000
2026-07-11,paid_search,TK-danh-muc,9801,308,1214000,7,3717000
2026-07-11,social_paid,MXH-nhan-biet,27002,212,183000,1,441000
2026-07-11,social_paid,MXH-tiep-thi-lai,16323,296,501000,13,7358000
2026-07-12,paid_search,TK-thuong-hieu,7550,685,1865000,42,22722000
2026-07-12,paid_search,TK-danh-muc,11196,338,1380000,10,5560000
2026-07-12,social_paid,MXH-nhan-biet,14837,152,126000,1,490000
2026-07-12,social_paid,MXH-tiep-thi-lai,27064,607,963000,31,16864000
2026-07-13,paid_search,TK-thuong-hieu,7783,686,1800000,46,22494000
2026-07-13,paid_search,TK-danh-muc,12458,387,1544000,9,4104000
2026-07-13,social_paid,MXH-nhan-biet,26737,233,194000,2,1048000
2026-07-13,social_paid,MXH-tiep-thi-lai,23769,573,992000,31,14508000
2026-07-14,paid_search,TK-thuong-hieu,10147,791,2220000,46,24150000
2026-07-14,paid_search,TK-danh-muc,10959,322,1462000,9,4293000
2026-07-14,social_paid,MXH-nhan-biet,21587,192,181000,1,422000
2026-07-14,social_paid,MXH-tiep-thi-lai,28755,557,917000,29,15892000
2026-07-15,paid_search,TK-thuong-hieu,10001,826,2178000,51,29070000
2026-07-15,paid_search,TK-danh-muc,7991,237,1063000,7,2786000
2026-07-15,social_paid,MXH-nhan-biet,19074,169,156000,1,376000
2026-07-15,social_paid,MXH-tiep-thi-lai,32241,667,1044000,31,13206000
2026-07-16,paid_search,TK-thuong-hieu,8611,812,2241000,52,19084000
2026-07-16,paid_search,TK-danh-muc,10392,360,1630000,10,4580000
2026-07-16,social_paid,MXH-nhan-biet,15942,142,135000,1,382000
2026-07-16,social_paid,MXH-tiep-thi-lai,25987,486,762000,22,12188000
2026-07-17,paid_search,TK-thuong-hieu,10104,883,2590000,47,18001000
2026-07-17,paid_search,TK-danh-muc,10789,393,1580000,10,4350000
2026-07-17,social_paid,MXH-nhan-biet,27175,255,238000,1,388000
2026-07-17,social_paid,MXH-tiep-thi-lai,15692,297,443000,13,6331000
2026-07-18,paid_search,TK-thuong-hieu,6620,480,1227000,26,14404000
2026-07-18,paid_search,TK-danh-muc,7722,274,1038000,7,2576000
2026-07-18,social_paid,MXH-nhan-biet,15743,130,122000,1,486000
2026-07-18,social_paid,MXH-tiep-thi-lai,16065,355,571000,19,10982000
2026-07-19,paid_search,TK-thuong-hieu,9036,762,2223000,54,28944000
2026-07-19,paid_search,TK-danh-muc,7300,244,1078000,7,3710000
2026-07-19,social_paid,MXH-nhan-biet,28658,250,244000,2,1000000
2026-07-19,social_paid,MXH-tiep-thi-lai,31534,669,1146000,27,12312000
2026-07-20,paid_search,TK-thuong-hieu,6833,586,1794000,39,21606000
2026-07-20,paid_search,TK-danh-muc,12095,365,1540000,9,4797000
2026-07-20,social_paid,MXH-nhan-biet,24565,227,211000,1,539000
2026-07-20,social_paid,MXH-tiep-thi-lai,20769,458,728000,23,11109000
2026-07-21,paid_search,TK-thuong-hieu,6550,639,1700000,47,21714000
2026-07-21,paid_search,TK-danh-muc,6509,234,930000,5,2260000
2026-07-21,social_paid,MXH-nhan-biet,32667,285,272000,2,816000
2026-07-21,social_paid,MXH-tiep-thi-lai,17347,404,610000,17,6154000
2026-07-22,paid_search,TK-thuong-hieu,12691,1215,3410000,62,28892000
2026-07-22,paid_search,TK-danh-muc,10715,313,1309000,9,3510000
2026-07-22,social_paid,MXH-nhan-biet,14893,141,137000,1,380000
2026-07-22,social_paid,MXH-tiep-thi-lai,20039,358,570000,20,9600000
2026-07-23,paid_search,TK-thuong-hieu,8939,657,1806000,49,27734000
2026-07-23,paid_search,TK-danh-muc,14057,386,1657000,11,4444000
2026-07-23,social_paid,MXH-nhan-biet,20097,162,151000,1,480000
2026-07-23,social_paid,MXH-tiep-thi-lai,24518,501,845000,26,11518000
2026-07-24,paid_search,TK-thuong-hieu,14338,1310,3686000,78,36738000
2026-07-24,paid_search,TK-danh-muc,7731,284,1136000,9,3456000
2026-07-24,social_paid,MXH-nhan-biet,18090,160,131000,1,525000
2026-07-24,social_paid,MXH-tiep-thi-lai,19053,347,522000,16,7936000
2026-07-25,paid_search,TK-thuong-hieu,8696,723,1918000,51,23154000
2026-07-25,paid_search,TK-danh-muc,7856,214,949000,5,2350000
2026-07-25,social_paid,MXH-nhan-biet,18778,185,183000,1,436000
2026-07-25,social_paid,MXH-tiep-thi-lai,26714,613,974000,25,10250000
2026-07-26,paid_search,TK-thuong-hieu,10714,939,2763000,51,27336000
2026-07-26,paid_search,TK-danh-muc,8826,244,1062000,7,3626000
2026-07-26,social_paid,MXH-nhan-biet,20272,165,151000,1,453000
2026-07-26,social_paid,MXH-tiep-thi-lai,19960,396,691000,19,8816000
2026-07-27,paid_search,TK-thuong-hieu,10519,880,2577000,63,25641000
2026-07-27,paid_search,TK-danh-muc,6940,193,746000,5,2115000
2026-07-27,social_paid,MXH-nhan-biet,16129,138,112000,1,534000
2026-07-27,social_paid,MXH-tiep-thi-lai,27975,547,829000,22,10538000
2026-07-28,paid_search,TK-thuong-hieu,10526,892,2459000,50,25850000
2026-07-28,paid_search,TK-danh-muc,11029,330,1480000,8,3616000
2026-07-28,social_paid,MXH-nhan-biet,27182,239,225000,2,720000
2026-07-28,social_paid,MXH-tiep-thi-lai,27710,643,989000,29,16327000
2026-07-29,paid_search,TK-thuong-hieu,7102,684,2014000,47,18753000
2026-07-29,paid_search,TK-danh-muc,14974,476,2019000,11,5764000
2026-07-29,social_paid,MXH-nhan-biet,30191,239,228000,2,760000
2026-07-29,social_paid,MXH-tiep-thi-lai,19578,354,572000,19,10279000
2026-07-30,paid_search,TK-thuong-hieu,7941,669,1849000,41,23534000
2026-07-30,paid_search,TK-danh-muc,6051,194,857000,6,2478000
2026-07-30,social_paid,MXH-nhan-biet,28160,248,234000,1,535000
2026-07-30,social_paid,MXH-tiep-thi-lai,13849,306,447000,16,8016000