ma_khach,ngay_dau,so_don_12thang,doanh_thu_12thang,nhom_hang_chinh,kenh_thu_hut,da_dang_ky_thu
KH0001,2025-08-13,1,663000,Mỹ thuật,email,Khong
KH0002,2025-10-19,1,291000,Ba lô & túi,social_paid,Co
KH0003,2025-11-24,6,2832000,Dụng cụ học tập,organic,Khong
KH0004,2026-05-31,5,1445000,Ba lô & túi,email,Khong
KH0005,2025-08-26,4,1144000,Mỹ thuật,paid_search,Khong
KH0006,2026-02-20,5,2400000,Vở & sổ,paid_search,Khong
KH0007,2026-02-08,10,7570000,Vở & sổ,organic,Khong
KH0008,2026-01-01,10,3630000,Mỹ thuật,social_organic,Co
KH0009,2025-11-02,2,540000,Dụng cụ học tập,social_paid,Co
KH0010,2026-05-24,1,580000,Ba lô & túi,organic,Co
KH0011,2025-11-20,2,838000,Mỹ thuật,social_organic,Co
KH0012,2025-09-08,1,282000,Ba lô & túi,social_paid,Co
KH0013,2025-09-14,10,3210000,Ba lô & túi,social_organic,Khong
KH0014,2025-10-26,5,2855000,Bút viết,paid_search,Khong
KH0015,2026-01-09,2,704000,Ba lô & túi,email,Khong
KH0016,2026-02-22,7,1750000,Bút viết,social_paid,Khong
KH0017,2025-11-26,2,1028000,Ba lô & túi,organic,Co
KH0018,2026-02-21,4,960000,Mỹ thuật,social_organic,Co
KH0019,2025-11-08,2,914000,Vở & sổ,paid_search,Khong
KH0020,2025-08-30,1,718000,Dụng cụ học tập,social_paid,Co
KH0021,2025-10-13,6,3342000,Ba lô & túi,organic,Co
KH0022,2025-11-22,12,6444000,Ba lô & túi,social_organic,Khong
KH0023,2025-09-22,11,5016000,Mỹ thuật,email,Khong
KH0024,2026-02-18,5,2860000,Ba lô & túi,paid_search,Khong
KH0025,2026-03-06,5,1960000,Bút viết,email,Co
KH0026,2026-04-09,2,1198000,Bút viết,organic,Khong
KH0027,2025-10-01,2,1172000,Ba lô & túi,social_organic,Co
KH0028,2026-03-24,2,936000,Mỹ thuật,email,Khong
KH0029,2026-04-23,5,2900000,Ba lô & túi,social_organic,Khong
KH0030,2026-05-05,5,1860000,Mỹ thuật,email,Co
KH0031,2026-01-10,5,1215000,Mỹ thuật,organic,Co
KH0032,2025-10-04,1,272000,Mỹ thuật,paid_search,Khong
KH0033,2025-11-28,3,2010000,Vở & sổ,social_paid,Khong
KH0034,2026-05-22,4,2368000,Dụng cụ học tập,paid_search,Khong
KH0035,2026-02-05,2,972000,Ba lô & túi,social_paid,Co
KH0036,2025-12-29,1,351000,Mỹ thuật,paid_search,Khong
KH0037,2026-02-28,3,846000,Dụng cụ học tập,social_paid,Co
KH0038,2025-10-29,1,407000,Bút viết,email,Co
KH0039,2026-03-09,6,3156000,Vở & sổ,email,Khong
KH0040,2025-12-29,1,250000,Ba lô & túi,paid_search,Khong
KH0041,2026-04-14,6,3096000,Dụng cụ học tập,social_organic,Khong
KH0042,2026-03-01,4,1764000,Dụng cụ học tập,social_paid,Khong
KH0043,2026-04-17,1,724000,Mỹ thuật,social_organic,Khong
KH0044,2025-12-29,1,331000,Mỹ thuật,email,Khong
KH0045,2025-11-19,1,537000,Ba lô & túi,social_organic,Khong
KH0046,2025-12-01,5,2445000,Dụng cụ học tập,social_paid,Co
KH0047,2025-09-30,1,704000,Vở & sổ,paid_search,Co
KH0048,2026-04-21,6,3168000,Bút viết,email,Khong
KH0049,2025-08-25,2,1008000,Ba lô & túi,paid_search,Khong
KH0050,2025-12-19,1,294000,Bút viết,paid_search,Co
KH0051,2025-11-09,10,3930000,Mỹ thuật,email,Khong
KH0052,2026-06-01,6,2568000,Bút viết,social_paid,Co
KH0053,2025-09-14,8,3224000,Ba lô & túi,paid_search,Co
KH0054,2025-10-25,2,1056000,Ba lô & túi,social_organic,Khong
KH0055,2025-08-16,4,1024000,Mỹ thuật,social_paid,Co
KH0056,2026-05-22,2,520000,Bút viết,organic,Co
KH0057,2025-08-06,1,684000,Dụng cụ học tập,social_paid,Khong
KH0058,2025-12-23,3,1647000,Dụng cụ học tập,social_organic,Khong
KH0059,2025-09-26,1,304000,Dụng cụ học tập,email,Co
KH0060,2025-11-16,4,1312000,Bút viết,email,Khong
KH0061,2025-09-08,8,4936000,Bút viết,organic,Khong
KH0062,2026-01-12,4,2084000,Dụng cụ học tập,paid_search,Co
KH0063,2025-10-24,1,635000,Bút viết,organic,Khong
KH0064,2025-11-23,7,2814000,Ba lô & túi,social_organic,Khong
KH0065,2025-09-10,8,5144000,Dụng cụ học tập,social_paid,Khong
KH0066,2026-01-16,6,1986000,Ba lô & túi,email,Co
KH0067,2026-04-02,1,370000,Vở & sổ,organic,Co
KH0068,2026-01-31,9,4473000,Mỹ thuật,organic,Khong
KH0069,2025-10-24,11,2805000,Bút viết,email,Co
KH0070,2025-11-21,2,512000,Mỹ thuật,social_paid,Co
KH0071,2026-03-27,1,265000,Dụng cụ học tập,organic,Co
KH0072,2026-03-08,1,357000,Bút viết,social_paid,Khong
KH0073,2025-10-21,3,918000,Ba lô & túi,social_paid,Khong
KH0074,2026-03-23,7,2870000,Bút viết,social_paid,Co
KH0075,2025-10-18,3,2058000,Dụng cụ học tập,paid_search,Khong
KH0076,2025-10-24,2,1094000,Mỹ thuật,organic,Khong
KH0077,2025-12-19,8,2016000,Vở & sổ,organic,Co
KH0078,2025-10-31,8,2728000,Vở & sổ,social_paid,Khong
KH0079,2026-01-24,2,940000,Bút viết,social_paid,Co
KH0080,2025-09-18,3,1797000,Dụng cụ học tập,email,Co
KH0081,2025-08-08,12,3288000,Mỹ thuật,paid_search,Khong
KH0082,2026-02-25,8,4704000,Dụng cụ học tập,social_paid,Co
KH0083,2025-08-22,3,1347000,Mỹ thuật,social_organic,Khong
KH0084,2026-03-19,1,335000,Dụng cụ học tập,social_organic,Co
KH0085,2025-12-28,1,681000,Bút viết,email,Khong
KH0086,2026-03-08,10,2660000,Ba lô & túi,social_organic,Khong
KH0087,2026-03-13,1,492000,Dụng cụ học tập,social_paid,Khong
KH0088,2025-08-06,11,5434000,Vở & sổ,social_paid,Co
KH0089,2026-03-01,8,3960000,Bút viết,social_organic,Co
KH0090,2025-11-01,9,5841000,Vở & sổ,organic,Khong
KH0091,2025-09-13,1,399000,Mỹ thuật,social_paid,Khong
KH0092,2025-12-29,1,749000,Bút viết,social_paid,Co
KH0093,2026-05-26,9,2709000,Bút viết,paid_search,Khong
KH0094,2026-01-31,6,1440000,Bút viết,organic,Khong
KH0095,2026-03-15,2,860000,Ba lô & túi,email,Co
KH0096,2026-01-11,2,1096000,Dụng cụ học tập,organic,Co
KH0097,2025-11-03,1,335000,Vở & sổ,email,Khong
KH0098,2025-11-07,7,5005000,Mỹ thuật,organic,Co
KH0099,2026-01-15,6,4296000,Vở & sổ,email,Co
KH0100,2026-02-01,8,2120000,Vở & sổ,social_paid,Khong
KH0101,2025-10-20,2,1248000,Ba lô & túi,social_paid,Co
KH0102,2025-08-26,2,514000,Vở & sổ,social_paid,Khong
KH0103,2025-10-23,2,1416000,Mỹ thuật,email,Khong
KH0104,2025-10-23,6,2526000,Ba lô & túi,social_paid,Khong
KH0105,2026-01-23,11,6435000,Ba lô & túi,social_paid,Co
KH0106,2025-11-11,6,3384000,Bút viết,social_organic,Khong
KH0107,2026-05-06,7,2807000,Dụng cụ học tập,social_paid,Khong
KH0108,2025-11-15,8,3384000,Bút viết,paid_search,Khong
KH0109,2025-09-21,9,5544000,Bút viết,organic,Co
KH0110,2026-05-14,4,1224000,Vở & sổ,social_paid,Co
KH0111,2025-11-06,7,2541000,Bút viết,social_organic,Khong
KH0112,2025-10-14,1,547000,Ba lô & túi,email,Co
KH0113,2025-11-27,5,1885000,Bút viết,social_paid,Co
KH0114,2026-04-28,6,4098000,Ba lô & túi,social_organic,Khong
KH0115,2025-09-17,7,4172000,Vở & sổ,email,Co
KH0116,2026-05-28,1,281000,Ba lô & túi,social_organic,Khong
KH0117,2025-12-31,8,3960000,Mỹ thuật,social_organic,Khong
KH0118,2025-10-24,4,1908000,Bút viết,social_paid,Co
KH0119,2025-10-06,2,1072000,Ba lô & túi,email,Co
KH0120,2025-10-26,3,756000,Vở & sổ,social_organic,Co
KH0121,2025-09-12,5,3515000,Bút viết,social_paid,Co
KH0122,2026-04-11,5,2370000,Bút viết,social_organic,Khong
KH0123,2026-05-09,10,3490000,Vở & sổ,email,Khong
KH0124,2025-12-17,1,275000,Dụng cụ học tập,email,Co
KH0125,2025-08-07,1,656000,Ba lô & túi,paid_search,Khong
KH0126,2026-05-29,3,786000,Mỹ thuật,organic,Co
KH0127,2026-03-17,1,319000,Bút viết,organic,Khong
KH0128,2025-10-09,6,2760000,Dụng cụ học tập,organic,Khong
KH0129,2025-10-27,6,3012000,Dụng cụ học tập,paid_search,Co
KH0130,2025-11-02,9,3078000,Mỹ thuật,social_organic,Khong
KH0131,2026-03-15,3,1236000,Ba lô & túi,social_paid,Co
KH0132,2025-09-12,1,250000,Dụng cụ học tập,email,Khong
KH0133,2025-08-10,5,3415000,Bút viết,paid_search,Co
KH0134,2025-12-03,6,1734000,Ba lô & túi,organic,Co
KH0135,2025-09-06,1,257000,Ba lô & túi,organic,Khong
KH0136,2026-02-20,1,532000,Ba lô & túi,organic,Co
KH0137,2026-01-08,2,1148000,Vở & sổ,social_paid,Co
KH0138,2026-03-14,1,497000,Vở & sổ,email,Co
KH0139,2025-10-04,4,1200000,Vở & sổ,organic,Co
KH0140,2025-12-14,1,453000,Vở & sổ,social_organic,Khong
KH0141,2025-11-24,3,1698000,Dụng cụ học tập,social_organic,Co
KH0142,2025-08-06,9,3951000,Mỹ thuật,social_organic,Co
KH0143,2026-01-14,4,1060000,Ba lô & túi,paid_search,Khong
KH0144,2026-03-28,2,1132000,Vở & sổ,paid_search,Co
KH0145,2026-03-21,8,2504000,Bút viết,social_organic,Khong
KH0146,2025-12-21,2,574000,Vở & sổ,organic,Khong
KH0147,2026-03-31,4,996000,Dụng cụ học tập,email,Khong
KH0148,2025-09-02,1,271000,Ba lô & túi,social_organic,Khong
KH0149,2026-01-18,3,840000,Vở & sổ,email,Khong
KH0150,2025-12-03,12,4644000,Bút viết,email,Co
KH0151,2026-03-27,1,640000,Vở & sổ,email,Khong
KH0152,2026-02-12,9,3978000,Dụng cụ học tập,organic,Co
KH0153,2026-06-01,5,2155000,Dụng cụ học tập,organic,Co
KH0154,2025-08-26,9,2178000,Mỹ thuật,paid_search,Co
KH0155,2025-08-16,1,366000,Mỹ thuật,paid_search,Co
KH0156,2025-12-21,1,616000,Bút viết,social_organic,Co
KH0157,2026-03-30,1,488000,Mỹ thuật,social_paid,Co
KH0158,2025-12-22,9,3654000,Bút viết,social_organic,Khong
KH0159,2026-02-24,6,1674000,Ba lô & túi,email,Khong
KH0160,2025-08-22,8,3192000,Dụng cụ học tập,paid_search,Co
KH0161,2025-08-10,1,429000,Ba lô & túi,social_paid,Khong
KH0162,2025-11-09,3,1620000,Vở & sổ,email,Khong
KH0163,2026-02-02,10,5180000,Dụng cụ học tập,paid_search,Khong
KH0164,2026-01-09,10,2680000,Mỹ thuật,organic,Khong
KH0165,2026-03-22,2,562000,Ba lô & túi,social_organic,Co
KH0166,2026-05-01,3,975000,Dụng cụ học tập,social_organic,Co
KH0167,2026-02-28,4,3040000,Ba lô & túi,organic,Khong
KH0168,2025-08-07,1,509000,Mỹ thuật,email,Co
KH0169,2025-10-09,10,4910000,Mỹ thuật,social_paid,Khong
KH0170,2025-08-06,3,2034000,Dụng cụ học tập,social_organic,Khong
KH0171,2026-05-04,6,1554000,Ba lô & túi,social_paid,Khong
KH0172,2026-05-10,3,1122000,Mỹ thuật,organic,Co
KH0173,2025-08-30,6,2286000,Vở & sổ,social_paid,Khong
KH0174,2025-11-17,3,1659000,Ba lô & túi,organic,Khong
KH0175,2025-11-02,7,2681000,Vở & sổ,paid_search,Co
KH0176,2026-03-19,11,4697000,Bút viết,social_organic,Co
KH0177,2026-02-19,2,584000,Mỹ thuật,social_paid,Khong
KH0178,2026-05-29,1,268000,Mỹ thuật,email,Khong
KH0179,2026-05-09,7,1946000,Ba lô & túi,paid_search,Co
KH0180,2026-03-20,4,1300000,Bút viết,paid_search,Co
KH0181,2026-03-09,3,1395000,Bút viết,paid_search,Khong
KH0182,2026-01-30,1,295000,Vở & sổ,social_organic,Co
KH0183,2026-01-15,2,786000,Mỹ thuật,organic,Khong
KH0184,2025-10-26,11,5203000,Vở & sổ,paid_search,Khong
KH0185,2025-12-08,2,686000,Mỹ thuật,paid_search,Co
KH0186,2026-02-18,10,2620000,Ba lô & túi,social_paid,Khong
KH0187,2025-08-29,3,1110000,Ba lô & túi,social_paid,Khong
KH0188,2025-11-05,1,593000,Vở & sổ,paid_search,Co
KH0189,2026-04-10,5,1790000,Bút viết,organic,Co
KH0190,2026-03-25,1,490000,Ba lô & túi,organic,Khong
KH0191,2026-04-05,10,5750000,Vở & sổ,organic,Khong
KH0192,2026-03-07,12,3624000,Dụng cụ học tập,social_organic,Co
KH0193,2026-03-09,7,2499000,Mỹ thuật,social_paid,Khong
KH0194,2025-11-05,6,1452000,Dụng cụ học tập,organic,Khong
KH0195,2025-12-30,9,4311000,Bút viết,social_organic,Co
KH0196,2025-10-28,6,4338000,Mỹ thuật,social_paid,Khong
KH0197,2025-09-05,2,1500000,Dụng cụ học tập,paid_search,Co
KH0198,2026-02-12,7,4088000,Bút viết,social_paid,Khong
KH0199,2025-09-20,1,253000,Vở & sổ,email,Khong
KH0200,2026-03-05,2,1404000,Bút viết,social_paid,Co
KH0201,2026-04-21,1,355000,Mỹ thuật,paid_search,Co
KH0202,2026-01-12,2,1028000,Mỹ thuật,social_paid,Co
KH0203,2025-09-01,3,969000,Vở & sổ,organic,Co
KH0204,2026-04-09,8,3528000,Ba lô & túi,paid_search,Khong
KH0205,2026-01-14,1,467000,Dụng cụ học tập,paid_search,Khong
KH0206,2025-10-08,5,1635000,Vở & sổ,email,Co
KH0207,2026-03-08,2,600000,Mỹ thuật,social_paid,Co
KH0208,2025-09-23,7,3633000,Bút viết,social_paid,Khong
KH0209,2026-01-18,10,2480000,Mỹ thuật,organic,Khong
KH0210,2026-02-28,4,1624000,Bút viết,organic,Khong
KH0211,2026-01-01,9,5364000,Ba lô & túi,paid_search,Co
KH0212,2026-05-28,7,3276000,Ba lô & túi,paid_search,Khong
KH0213,2025-08-30,2,968000,Ba lô & túi,social_paid,Khong
KH0214,2025-09-15,11,2662000,Bút viết,paid_search,Co
KH0215,2025-09-22,6,3414000,Ba lô & túi,social_organic,Co
KH0216,2026-03-04,1,483000,Dụng cụ học tập,organic,Co
KH0217,2026-01-23,1,288000,Vở & sổ,paid_search,Khong
KH0218,2025-10-31,3,822000,Vở & sổ,email,Co
KH0219,2025-10-03,12,6252000,Dụng cụ học tập,email,Khong
KH0220,2025-11-06,7,3549000,Bút viết,social_organic,Khong
KH0221,2025-09-17,1,552000,Bút viết,email,Khong
KH0222,2026-05-03,6,1530000,Mỹ thuật,social_paid,Khong
KH0223,2026-03-15,1,617000,Vở & sổ,organic,Khong
KH0224,2026-05-02,2,1334000,Vở & sổ,social_paid,Co
KH0225,2025-08-29,2,1084000,Ba lô & túi,organic,Co
KH0226,2025-12-14,5,3085000,Ba lô & túi,email,Khong
KH0227,2025-09-24,6,4038000,Mỹ thuật,paid_search,Khong
KH0228,2026-05-20,9,5715000,Mỹ thuật,organic,Co
KH0229,2025-12-22,1,253000,Vở & sổ,organic,Co
KH0230,2025-10-29,2,1042000,Vở & sổ,social_paid,Co
KH0231,2026-02-01,8,4808000,Bút viết,email,Co
KH0232,2025-09-26,2,498000,Bút viết,organic,Khong
KH0233,2025-11-12,5,1575000,Vở & sổ,organic,Co
KH0234,2026-05-22,3,1056000,Mỹ thuật,email,Co
KH0235,2026-05-27,1,458000,Vở & sổ,email,Co
KH0236,2025-10-13,6,1782000,Vở & sổ,paid_search,Co
KH0237,2026-03-12,5,1715000,Bút viết,social_organic,Khong
KH0238,2025-09-07,1,348000,Bút viết,organic,Khong
KH0239,2026-03-22,2,500000,Dụng cụ học tập,social_organic,Khong
KH0240,2026-01-29,8,2096000,Ba lô & túi,organic,Khong
KH0241,2025-08-27,9,4158000,Mỹ thuật,paid_search,Khong
KH0242,2025-12-21,6,3276000,Dụng cụ học tập,social_organic,Co
KH0243,2026-04-05,1,422000,Vở & sổ,paid_search,Khong
KH0244,2025-08-11,6,3792000,Ba lô & túi,social_paid,Co
KH0245,2026-03-21,2,1044000,Dụng cụ học tập,paid_search,Co
KH0246,2026-01-04,6,2592000,Bút viết,email,Khong
KH0247,2026-02-07,4,1264000,Dụng cụ học tập,email,Khong
KH0248,2026-01-29,1,370000,Mỹ thuật,paid_search,Co
KH0249,2026-02-06,7,4032000,Mỹ thuật,paid_search,Co
KH0250,2025-11-09,11,8107000,Dụng cụ học tập,social_organic,Khong
KH0251,2025-08-25,1,648000,Ba lô & túi,social_organic,Khong
KH0252,2025-12-26,2,662000,Mỹ thuật,social_paid,Co
KH0253,2026-05-11,1,342000,Mỹ thuật,social_organic,Co
KH0254,2025-10-08,1,478000,Mỹ thuật,paid_search,Co
KH0255,2025-10-15,2,620000,Vở & sổ,paid_search,Khong
KH0256,2025-08-06,8,4640000,Mỹ thuật,organic,Khong
KH0257,2025-10-03,10,2550000,Mỹ thuật,email,Co
KH0258,2026-02-18,3,1086000,Mỹ thuật,organic,Co
KH0259,2025-09-24,7,2457000,Mỹ thuật,organic,Khong
KH0260,2025-11-06,2,480000,Vở & sổ,social_paid,Khong
KH0261,2026-03-28,1,361000,Ba lô & túi,paid_search,Co
KH0262,2025-12-31,2,610000,Dụng cụ học tập,email,Khong
KH0263,2025-08-30,4,1972000,Vở & sổ,social_paid,Co
KH0264,2026-05-05,2,880000,Mỹ thuật,social_organic,Khong
KH0265,2026-01-14,3,1638000,Bút viết,social_paid,Khong
KH0266,2025-10-19,11,2860000,Vở & sổ,social_organic,Khong
KH0267,2025-11-30,2,578000,Mỹ thuật,social_organic,Khong
KH0268,2025-08-25,3,768000,Bút viết,social_organic,Co
KH0269,2026-03-06,1,387000,Vở & sổ,social_paid,Khong
KH0270,2025-11-25,2,558000,Dụng cụ học tập,organic,Co
KH0271,2026-03-18,8,2096000,Vở & sổ,email,Co
KH0272,2026-03-31,7,1946000,Mỹ thuật,organic,Co
KH0273,2025-08-08,5,3000000,Dụng cụ học tập,social_organic,Co
KH0274,2025-08-20,11,3146000,Bút viết,paid_search,Khong
KH0275,2025-11-12,3,732000,Bút viết,organic,Khong
KH0276,2025-12-24,3,987000,Mỹ thuật,social_paid,Khong
KH0277,2025-09-20,1,261000,Vở & sổ,social_paid,Khong
KH0278,2025-08-07,11,3696000,Ba lô & túi,paid_search,Co
KH0279,2025-09-10,3,1155000,Ba lô & túi,email,Co
KH0280,2026-02-21,1,569000,Vở & sổ,organic,Co
KH0281,2026-05-25,2,514000,Dụng cụ học tập,paid_search,Khong
KH0282,2026-01-13,1,253000,Vở & sổ,paid_search,Co
KH0283,2025-09-30,2,632000,Dụng cụ học tập,paid_search,Khong
KH0284,2025-10-22,5,1225000,Bút viết,social_organic,Co
KH0285,2026-01-08,7,4746000,Dụng cụ học tập,social_paid,Khong
KH0286,2025-10-11,4,2804000,Dụng cụ học tập,organic,Khong
KH0287,2025-10-24,2,1216000,Vở & sổ,social_organic,Co
KH0288,2025-08-28,5,1200000,Dụng cụ học tập,social_organic,Khong
KH0289,2026-05-12,1,739000,Bút viết,social_paid,Khong
KH0290,2026-04-24,1,262000,Bút viết,social_organic,Khong
KH0291,2026-05-09,3,966000,Mỹ thuật,organic,Khong
KH0292,2025-10-25,1,394000,Ba lô & túi,email,Khong
KH0293,2025-09-25,4,2608000,Ba lô & túi,organic,Co
KH0294,2025-10-16,1,447000,Bút viết,social_organic,Khong
KH0295,2026-01-08,3,1890000,Mỹ thuật,social_paid,Co
KH0296,2025-08-30,10,6340000,Mỹ thuật,paid_search,Khong
KH0297,2025-09-26,11,5522000,Ba lô & túi,paid_search,Co
KH0298,2025-11-10,12,2964000,Ba lô & túi,organic,Khong
KH0299,2026-03-19,2,1116000,Dụng cụ học tập,email,Co
KH0300,2025-08-15,3,885000,Bút viết,paid_search,Khong