tu_khoa,y_dinh,luong_tim_thang,muc_canh_tranh
cach chon ba lo chong gu cho hoc sinh,thong-tin,2900,Thap
ba lo chong gu loai nao tot,so-sanh,1600,Trung binh
mua ba lo chong gu lop 1,giao-dich,880,Cao
but gel viet tron khong nhoe,so-sanh,720,Thap
giay kiem dinh do dung hoc tap la gi,thong-tin,210,Thap
sap mau khong doc cho tre,thong-tin,1100,Thap
bo do dung hoc tap lop 1 day du,giao-dich,2400,Cao
vo o ly lop 1 chuan bo giao duc,giao-dich,1900,Trung binh
so sanh sap mau va but chi mau,so-sanh,390,Thap
do dung hoc tap gia si,giao-dich,3100,Cao
cach boc vo cho con dep,thong-tin,5400,Thap
hop but nao ben nhat,so-sanh,260,Thap
mua do dung hoc tap online uy tin,giao-dich,1300,Cao
danh sach do dung hoc tap lop 2,thong-tin,1750,Trung binh
but chi 2b hay hb tot hon,so-sanh,480,Thap
ten-cua-hang,dieu-huong,320,Thap
ten-cua-hang khuyen mai,dieu-huong,140,Thap
do dung hoc tap co kiem dinh,so-sanh,170,Thap