STT,tu_khoa,y_dinh,luong_tim_thang,muc_canh_tranh,giai_doan,trang_can_tao,chi_so_danh_gia
1,cach chon ba lo chong gu cho hoc sinh,thong-tin,2900,Thap,Nhan biet,Bai viet huong dan (Blog),Luot truy cap tu nhien (Organic Traffic)
2,ba lo chong gu loai nao tot,so-sanh,1600,Trung binh,Canh nhan,Bai danh gia/so sanh (Review),Ty le nhuc link gio hang
3,mua ba lo chong gu lop 1,giao-dich,880,Cao,Quyet dinh,Trang san pham,Ty le chuyen doi mua hang (CR)
4,but gel viet tron khong nhoe,so-sanh,720,Thap,Canh nhan,Bai danh gia/so sanh (Review),Ty le nhuc link gio hang
5,giay kiem dinh do dung hoc tap la gi,thong-tin,210,Thap,Nhan biet,Bai viet giai thich (Blog),Luot truy cap tu nhien (Organic Traffic)
6,sap mau khong doc cho tre,thong-tin,1100,Thap,Nhan biet,Bai viet meo vat hoc duong (Blog),Luot truy cap tu nhien (Organic Traffic)
7,bo do dung hoc tap lop 1 day du,giao-dich,2400,Cao,Quyet dinh,Trang san pham Combo,Ty le chuyen doi don hang (CR)
8,vo o ly lop 1 chuan bo giao duc,giao-dich,1900,Trung binh,Quyet dinh,Trang danh muc,Ty le them gio hang (Add to Cart)
9,so sanh sap mau va but chi mau,so-sanh,390,Thap,Canh nhan,Bai so sanh chi tiet (Review),Ty le nhuc link gio hang
10,do dung hoc tap gia si,giao-dich,3100,Cao,Quyet dinh,Trang danh muc,Ty le chuyen doi don hang (CR)
11,cach boc vo cho con dep,thong-tin,5400,Thap,Nhan biet,Bai viet huong dan (Blog),Luot truy cap tu nhien (Organic Traffic)
12,hop but nao ben nhat,so-sanh,260,Thap,Canh nhan,Top danh gia san pham (Round-up),Ty le nhuc link gio hang
13,mua do dung hoc tap online uy tin,giao-dich,1300,Cao,Quyet dinh,Trang san pham,Ty le chuyen doi mua hang (CR)
14,danh sach do dung hoc tap lop 2,thong-tin,1750,Trung binh,Nhan biet,Bai viet checklist (Blog),Luot truy cap tu nhien (Organic Traffic)
15,but chi 2b hay hb tot hon,so-sanh,480,Thap,Canh nhan,Bai so sanh chi tiet (Review),Ty le nhuc link gio hang
16,ten-cua-hang,dieu-huong,320,Thap,Nhan biet/Quyet dinh,Trang chu website,Luot truy cap truc tiep (Branded Traffic)
17,ten-cua-hang khuyen mai,dieu-huong,140,Thap,Quyet dinh,Trang chu website,Luot truy cap truc tiep (Branded Traffic)
18,do dung hoc tap co kiem dinh,so-sanh,170,Thap,Canh nhan,Bai tu van chon mua (Review),Luot xem trang san pham
