sku,ten_san_pham,danh_muc,gia_ban,gia_von,ton_kho,trong_luong_g,kiem_dinh_an_toan,mo_ta_ngan
SKU001,Bút bi gel 0.5mm,Bút viết,58000,39000,97,767,Khong,Hang chinh hang, co hoa don. Bút bi gel 0.5mm thuoc nhom Bút viết.
SKU002,Bút chì gỗ HB,Bút viết,290000,196000,155,435,Khong,Hang chinh hang, co hoa don. Bút chì gỗ HB thuoc nhom Bút viết.
SKU003,Bút highlight 5 màu,Bút viết,220000,129000,146,222,Co,Hang chinh hang, co hoa don. Bút highlight 5 màu thuoc nhom Bút viết.
SKU004,Bút lông kim 0.4mm,Bút viết,35000,24000,172,793,Co,Hang chinh hang, co hoa don. Bút lông kim 0.4mm thuoc nhom Bút viết.
SKU005,Bút xoá nước 8ml,Bút viết,290000,181000,150,203,Co,Hang chinh hang, co hoa don. Bút xoá nước 8ml thuoc nhom Bút viết.
SKU006,Ruột bút gel 0.5mm,Bút viết,220000,157000,35,840,Khong,Hang chinh hang, co hoa don. Ruột bút gel 0.5mm thuoc nhom Bút viết.
SKU007,Bút chì bấm 0.7mm,Bút viết,75000,52000,173,178,Co,Hang chinh hang, co hoa don. Bút chì bấm 0.7mm thuoc nhom Bút viết.
SKU008,Bút máy luyện chữ,Bút viết,45000,32000,114,186,Co,Hang chinh hang, co hoa don. Bút máy luyện chữ thuoc nhom Bút viết.
SKU009,Vở kẻ ngang 200 trang,Vở & sổ,95000,56000,162,597,Co,Hang chinh hang, co hoa don. Vở kẻ ngang 200 trang thuoc nhom Vở & sổ.
SKU010,Vở ô ly lớp 1,Vở & sổ,165000,120000,84,75,Khong,Hang chinh hang, co hoa don. Vở ô ly lớp 1 thuoc nhom Vở & sổ.
SKU011,Sổ tay bìa cứng A5,Vở & sổ,290000,167000,196,150,Khong,Hang chinh hang, co hoa don. Sổ tay bìa cứng A5 thuoc nhom Vở & sổ.
SKU012,Vở vẽ A4 không dòng,Vở & sổ,35000,20000,108,115,Khong,Hang chinh hang, co hoa don. Vở vẽ A4 không dòng thuoc nhom Vở & sổ.
SKU013,Giấy kiểm tra A4 100 tờ,Vở & sổ,350000,199000,174,618,Co,Hang chinh hang, co hoa don. Giấy kiểm tra A4 100 tờ thuoc nhom Vở & sổ.
SKU014,Sổ lò xo A5 kẻ ngang,Vở & sổ,35000,20000,57,690,Co,Hang chinh hang, co hoa don. Sổ lò xo A5 kẻ ngang thuoc nhom Vở & sổ.
SKU015,Vở tập viết lớp 2,Vở & sổ,95000,66000,132,311,Co,Hang chinh hang, co hoa don. Vở tập viết lớp 2 thuoc nhom Vở & sổ.
SKU016,Sổ ghi chép A6,Vở & sổ,220000,141000,113,150,Co,Hang chinh hang, co hoa don. Sổ ghi chép A6 thuoc nhom Vở & sổ.
SKU017,Hộp bút vải 2 khoá,Dụng cụ học tập,58000,42000,152,616,Co,Hang chinh hang, co hoa don. Hộp bút vải 2 khoá thuoc nhom Dụng cụ học tập.
SKU018,Thước kẻ nhựa 20cm,Dụng cụ học tập,350000,223000,103,882,Co,Hang chinh hang, co hoa don. Thước kẻ nhựa 20cm thuoc nhom Dụng cụ học tập.
SKU019,Gọt bút chì có hộp,Dụng cụ học tập,28000,17000,131,815,Khong,Hang chinh hang, co hoa don. Gọt bút chì có hộp thuoc nhom Dụng cụ học tập.
SKU020,Bộ compa 8 chi tiết,Dụng cụ học tập,75000,45000,92,273,Khong,Hang chinh hang, co hoa don. Bộ compa 8 chi tiết thuoc nhom Dụng cụ học tập.
SKU021,Kéo học sinh mũi tròn,Dụng cụ học tập,15000,9000,144,239,Co,Hang chinh hang, co hoa don. Kéo học sinh mũi tròn thuoc nhom Dụng cụ học tập.
SKU022,Băng keo trong 12mm,Dụng cụ học tập,220000,153000,178,273,Co,Hang chinh hang, co hoa don. Băng keo trong 12mm thuoc nhom Dụng cụ học tập.
SKU023,Bảng con 2 mặt,Dụng cụ học tập,220000,139000,49,285,Co,Hang chinh hang, co hoa don. Bảng con 2 mặt thuoc nhom Dụng cụ học tập.
SKU024,Ê ke bộ 2 chiếc,Dụng cụ học tập,75000,52000,29,394,Co,Hang chinh hang, co hoa don. Ê ke bộ 2 chiếc thuoc nhom Dụng cụ học tập.
SKU025,Ba lô chống gù lớp 1-3,Ba lô & túi,35000,26000,115,524,Khong,Hang chinh hang, co hoa don. Ba lô chống gù lớp 1-3 thuoc nhom Ba lô & túi.
SKU026,Ba lô chống gù lớp 4-5,Ba lô & túi,120000,85000,40,928,Co,Hang chinh hang, co hoa don. Ba lô chống gù lớp 4-5 thuoc nhom Ba lô & túi.
SKU027,Túi đeo chéo A4,Ba lô & túi,35000,21000,22,241,Co,Hang chinh hang, co hoa don. Túi đeo chéo A4 thuoc nhom Ba lô & túi.
SKU028,Túi đựng bình nước,Ba lô & túi,35000,21000,126,228,Co,Hang chinh hang, co hoa don. Túi đựng bình nước thuoc nhom Ba lô & túi.
SKU029,Ba lô có phản quang,Ba lô & túi,350000,260000,25,212,Co,Hang chinh hang, co hoa don. Ba lô có phản quang thuoc nhom Ba lô & túi.
SKU030,Cặp chống nước lớp 1,Ba lô & túi,22000,16000,86,360,Khong,Hang chinh hang, co hoa don. Cặp chống nước lớp 1 thuoc nhom Ba lô & túi.
SKU031,Túi giữ nhiệt hộp cơm,Ba lô & túi,165000,92000,196,628,Co,Hang chinh hang, co hoa don. Túi giữ nhiệt hộp cơm thuoc nhom Ba lô & túi.
SKU032,Balo thể thao trẻ em,Ba lô & túi,350000,248000,50,799,Co,Hang chinh hang, co hoa don. Balo thể thao trẻ em thuoc nhom Ba lô & túi.
SKU033,Sáp màu 24 màu,Mỹ thuật,28000,20000,27,710,Co,Hang chinh hang, co hoa don. Sáp màu 24 màu thuoc nhom Mỹ thuật.
SKU034,Màu nước 12 ô,Mỹ thuật,22000,15000,123,907,Khong,Hang chinh hang, co hoa don. Màu nước 12 ô thuoc nhom Mỹ thuật.
SKU035,Bút chì màu 36 màu,Mỹ thuật,290000,212000,139,532,Co,Hang chinh hang, co hoa don. Bút chì màu 36 màu thuoc nhom Mỹ thuật.
SKU036,Đất sét nặn 12 màu,Mỹ thuật,75000,48000,186,743,Co,Hang chinh hang, co hoa don. Đất sét nặn 12 màu thuoc nhom Mỹ thuật.
SKU037,Giấy màu thủ công,Mỹ thuật,165000,106000,152,293,Khong,Hang chinh hang, co hoa don. Giấy màu thủ công thuoc nhom Mỹ thuật.
SKU038,Cọ vẽ bộ 6 chiếc,Mỹ thuật,165000,102000,59,882,Co,Hang chinh hang, co hoa don. Cọ vẽ bộ 6 chiếc thuoc nhom Mỹ thuật.
SKU039,Bảng pha màu nhựa,Mỹ thuật,22000,14000,158,658,Co,Hang chinh hang, co hoa don. Bảng pha màu nhựa thuoc nhom Mỹ thuật.
SKU040,Bộ tô tượng thạch cao,Mỹ thuật,290000,184000,71,184,Co,Hang chinh hang, co hoa don. Bộ tô tượng thạch cao thuoc nhom Mỹ thuật.