ngay,nguon,phien,xem_san_pham,them_gio,bat_dau_thanh_toan,don_hoan_tat,doanh_thu
2026-06-01,organic,228,96,29,18,9,3645000
2026-06-01,paid_search,148,68,18,12,5,1810000
2026-06-01,social_paid,242,67,18,10,4,1616000
2026-06-01,social_organic,75,35,11,7,1,417000
2026-06-01,email,57,39,12,7,3,1272000
2026-06-02,organic,193,78,24,15,7,2492000
2026-06-02,paid_search,206,98,31,19,7,2877000
2026-06-02,social_paid,253,67,21,13,4,1416000
2026-06-02,social_organic,97,39,11,6,1,324000
2026-06-02,email,82,53,17,11,5,2270000
2026-06-03,organic,230,100,30,18,8,4368000
2026-06-03,paid_search,218,89,30,19,6,2892000
2026-06-03,social_paid,253,73,21,12,4,1496000
2026-06-03,social_organic,77,31,9,5,1,502000
2026-06-03,email,72,45,15,10,3,1131000
2026-06-04,organic,257,114,35,21,11,5819000
2026-06-04,paid_search,207,99,31,18,6,3126000
2026-06-04,social_paid,294,85,24,14,4,1336000
2026-06-04,social_organic,77,31,9,5,1,449000
2026-06-04,email,80,54,15,9,4,2028000
2026-06-05,organic,180,79,25,14,7,2737000
2026-06-05,paid_search,207,99,30,19,7,3024000
2026-06-05,social_paid,284,85,23,14,4,2220000
2026-06-05,social_organic,77,33,10,6,1,386000
2026-06-05,email,79,48,14,9,4,2044000
2026-06-06,organic,235,96,26,16,8,4376000
2026-06-06,paid_search,231,101,30,19,7,3633000
2026-06-06,social_paid,331,101,31,20,5,2740000
2026-06-06,social_organic,118,56,15,9,1,342000
2026-06-06,email,98,59,17,10,6,2508000
2026-06-07,organic,240,115,35,20,9,3564000
2026-06-07,paid_search,259,122,36,23,8,2624000
2026-06-07,social_paid,338,95,27,15,5,2265000
2026-06-07,social_organic,119,55,16,10,1,445000
2026-06-07,email,108,74,22,13,5,2490000
2026-06-08,organic,243,117,37,22,8,3136000
2026-06-08,paid_search,206,92,31,18,6,2010000
2026-06-08,social_paid,242,73,21,14,3,1461000
2026-06-08,social_organic,112,47,14,8,1,501000
2026-06-08,email,79,50,16,10,4,1604000
2026-06-09,organic,187,88,29,19,8,2928000
2026-06-09,paid_search,210,100,27,17,6,3252000
2026-06-09,social_paid,235,69,22,13,3,1695000
2026-06-09,social_organic,99,46,13,8,1,492000
2026-06-09,email,61,36,11,7,3,1050000
2026-06-10,organic,198,89,24,14,6,2850000
2026-06-10,paid_search,208,95,30,18,7,3829000
2026-06-10,social_paid,319,94,29,18,5,2235000
2026-06-10,social_organic,83,35,12,7,1,575000
2026-06-10,email,87,53,15,9,4,1680000
2026-06-11,organic,273,116,32,18,10,4380000
2026-06-11,paid_search,210,93,26,17,7,2723000
2026-06-11,social_paid,253,74,23,13,4,2084000
2026-06-11,social_organic,84,34,11,7,1,399000
2026-06-11,email,62,41,14,8,3,1635000
2026-06-12,organic,260,120,32,20,8,2840000
2026-06-12,paid_search,227,108,31,18,7,2730000
2026-06-12,social_paid,301,78,26,16,4,1668000
2026-06-12,social_organic,92,43,14,8,1,526000
2026-06-12,email,82,56,17,11,4,1844000
2026-06-13,organic,277,122,32,18,12,4128000
2026-06-13,paid_search,209,100,33,20,7,2310000
2026-06-13,social_paid,326,94,28,16,5,2290000
2026-06-13,social_organic,134,59,20,13,2,906000
2026-06-13,email,78,47,15,9,4,1340000
2026-06-14,organic,314,131,37,24,12,5412000
2026-06-14,paid_search,198,94,30,19,6,3252000
2026-06-14,social_paid,283,72,21,12,4,1680000
2026-06-14,social_organic,143,58,17,10,2,914000
2026-06-14,email,86,57,17,10,4,1348000
2026-06-15,organic,192,87,28,16,8,3576000
2026-06-15,paid_search,162,73,23,14,5,1990000
2026-06-15,social_paid,281,71,19,11,3,1257000
2026-06-15,social_organic,86,36,10,6,1,556000
2026-06-15,email,80,51,14,8,4,1740000
2026-06-16,organic,243,100,33,19,8,2720000
2026-06-16,paid_search,215,87,25,15,7,3276000
2026-06-16,social_paid,237,60,16,10,4,2044000
2026-06-16,social_organic,92,38,12,7,1,351000
2026-06-16,email,83,55,16,10,5,2315000
2026-06-17,organic,203,84,26,15,9,3573000
2026-06-17,paid_search,198,96,28,16,6,2346000
2026-06-17,social_paid,290,87,27,16,4,2304000
2026-06-17,social_organic,81,35,11,7,1,321000
2026-06-17,email,90,61,17,11,5,2680000
2026-06-18,organic,288,126,41,23,12,4680000
2026-06-18,paid_search,224,104,32,19,7,2912000
2026-06-18,social_paid,270,83,26,16,4,1868000
2026-06-18,social_organic,115,51,17,10,1,562000
2026-06-18,email,62,40,11,6,3,1425000
2026-06-19,organic,272,119,32,20,10,4420000
2026-06-19,paid_search,171,71,21,14,5,2135000
2026-06-19,social_paid,313,81,21,12,4,1652000
2026-06-19,social_organic,118,51,17,11,1,321000
2026-06-19,email,86,57,19,12,4,2036000
2026-06-20,organic,256,115,31,20,9,3519000
2026-06-20,paid_search,230,110,37,23,7,3367000
2026-06-20,social_paid,431,123,38,24,6,2472000
2026-06-20,social_organic,118,52,17,10,1,330000
2026-06-20,email,114,74,22,14,5,2040000
2026-06-21,organic,347,160,51,32,13,5538000
2026-06-21,paid_search,202,82,24,14,7,2828000
2026-06-21,social_paid,404,123,42,24,6,2826000
2026-06-21,social_organic,109,46,13,8,1,391000
2026-06-21,email,107,68,21,12,6,2220000
2026-06-22,organic,286,115,39,25,10,3200000
2026-06-22,paid_search,193,79,22,14,6,3366000
2026-06-22,social_paid,269,78,25,15,3,1608000
2026-06-22,social_organic,83,34,11,7,1,334000
2026-06-22,email,74,47,12,7,3,1104000
2026-06-23,organic,277,111,30,18,10,5700000
2026-06-23,paid_search,203,90,24,13,6,2778000
2026-06-23,social_paid,245,74,21,12,4,1296000
2026-06-23,social_organic,114,49,14,8,1,571000
2026-06-23,email,74,48,14,8,4,1896000
2026-06-24,organic,211,96,29,17,8,4560000
2026-06-24,paid_search,165,73,23,14,5,2835000
2026-06-24,social_paid,264,67,22,13,3,1296000
2026-06-24,social_organic,100,42,11,7,1,340000
2026-06-24,email,83,51,16,9,5,2000000
2026-06-25,organic,287,129,34,20,12,5376000
2026-06-25,paid_search,167,70,23,14,5,1635000
2026-06-25,social_paid,270,76,26,16,4,2276000
2026-06-25,social_organic,112,51,15,9,1,455000
2026-06-25,email,90,61,20,11,5,2400000
2026-06-26,organic,272,129,40,23,9,4491000
2026-06-26,paid_search,225,101,32,18,6,2532000
2026-06-26,social_paid,284,82,24,15,4,2064000
2026-06-26,social_organic,110,53,14,9,1,557000
2026-06-26,email,69,45,13,7,4,1632000
2026-06-27,organic,320,145,43,26,11,4345000
2026-06-27,paid_search,255,122,37,24,7,2933000
2026-06-27,social_paid,356,105,34,20,5,2585000
2026-06-27,social_organic,154,71,19,11,2,908000
2026-06-27,email,106,66,20,12,5,2160000
2026-06-28,organic,296,122,34,21,10,4620000
2026-06-28,paid_search,299,137,46,25,10,4010000
2026-06-28,social_paid,334,92,31,20,4,2140000
2026-06-28,social_organic,131,52,17,10,1,536000
2026-06-28,email,94,62,20,12,4,1724000
2026-06-29,organic,234,93,26,14,9,3492000
2026-06-29,paid_search,222,103,29,17,7,3150000
2026-06-29,social_paid,297,86,29,16,4,2188000
2026-06-29,social_organic,114,47,13,8,1,551000
2026-06-29,email,94,58,17,11,5,2490000
2026-06-30,organic,294,120,38,23,10,3570000
2026-06-30,paid_search,228,105,29,17,7,3717000
2026-06-30,social_paid,265,81,21,12,4,1708000
2026-06-30,social_organic,86,34,10,6,1,428000
2026-06-30,email,96,65,20,13,5,2525000
2026-07-01,organic,281,114,32,18,12,4488000
2026-07-01,paid_search,208,100,26,14,6,3174000
2026-07-01,social_paid,337,96,31,19,4,1612000
2026-07-01,social_organic,102,43,12,7,1,553000
2026-07-01,email,98,56,16,9,5,2220000
2026-07-02,organic,269,125,38,21,9,4068000
2026-07-02,paid_search,247,117,35,22,9,4194000
2026-07-02,social_paid,338,90,27,16,5,2070000
2026-07-02,social_organic,87,38,11,6,1,470000
2026-07-02,email,97,57,17,11,5,2240000
2026-07-03,organic,235,94,25,15,8,2832000
2026-07-03,paid_search,208,93,26,15,6,2850000
2026-07-03,social_paid,261,79,26,15,4,1536000
2026-07-03,social_organic,92,39,13,8,1,440000
2026-07-03,email,72,41,12,8,4,2060000
2026-07-04,organic,292,116,36,23,13,5122000
2026-07-04,paid_search,260,111,36,23,7,3003000
2026-07-04,social_paid,457,138,42,25,6,2874000
2026-07-04,social_organic,121,54,18,10,1,456000
2026-07-04,email,125,83,27,17,6,2124000
2026-07-05,organic,362,163,49,28,14,5208000
2026-07-05,paid_search,262,113,37,21,8,3248000
2026-07-05,social_paid,410,115,31,17,5,1875000
2026-07-05,social_organic,140,66,21,12,2,792000
2026-07-05,email,105,71,21,13,5,2065000
2026-07-06,organic,275,115,31,18,11,3542000
2026-07-06,paid_search,201,93,29,17,6,2544000
2026-07-06,social_paid,362,104,32,18,6,3360000
2026-07-06,social_organic,122,51,16,10,1,457000
2026-07-06,email,71,46,14,8,4,2184000
2026-07-07,organic,238,95,30,18,10,5150000
2026-07-07,paid_search,206,84,23,13,6,3096000
2026-07-07,social_paid,340,102,33,21,5,2175000
2026-07-07,social_organic,108,51,16,10,1,480000
2026-07-07,email,74,41,14,8,4,2096000
2026-07-08,organic,295,133,40,23,11,3674000
2026-07-08,paid_search,214,92,28,17,7,2506000
2026-07-08,social_paid,284,76,23,14,4,2124000
2026-07-08,social_organic,128,57,18,10,2,780000
2026-07-08,email,70,40,14,9,3,1554000
2026-07-09,organic,278,122,40,22,10,4470000
2026-07-09,paid_search,193,90,24,13,6,2940000
2026-07-09,social_paid,299,81,24,14,5,1790000
2026-07-09,social_organic,123,51,16,10,1,332000
2026-07-09,email,69,46,13,8,3,1338000
2026-07-10,organic,292,130,37,24,11,6281000
2026-07-10,paid_search,263,109,34,20,8,4224000
2026-07-10,social_paid,269,75,25,15,4,2040000
2026-07-10,social_organic,94,38,13,8,1,477000
2026-07-10,email,100,57,19,12,4,1468000
2026-07-11,organic,395,174,47,27,16,5680000
2026-07-11,paid_search,248,100,32,19,8,4368000
2026-07-11,social_paid,470,135,35,19,7,3192000
2026-07-11,social_organic,134,60,19,12,1,549000
2026-07-11,email,119,74,21,13,6,2520000
2026-07-12,organic,298,130,39,22,12,5772000
2026-07-12,paid_search,276,129,38,22,8,3384000
2026-07-12,social_paid,462,117,39,22,6,3372000
2026-07-12,social_organic,126,59,16,10,2,1124000
2026-07-12,email,94,63,18,10,5,2210000
2026-07-13,organic,292,138,41,23,12,6672000
2026-07-13,paid_search,261,114,33,21,9,3582000
2026-07-13,social_paid,369,110,35,22,6,2928000
2026-07-13,social_organic,130,59,19,12,2,926000
2026-07-13,email,70,46,14,9,4,1596000
2026-07-14,organic,247,99,27,16,10,4080000
2026-07-14,paid_search,207,100,28,18,6,2532000
2026-07-14,social_paid,308,82,24,15,5,1860000
2026-07-14,social_organic,131,61,19,11,1,409000
2026-07-14,email,102,68,19,12,5,2035000
2026-07-15,organic,270,128,36,22,10,3390000
2026-07-15,paid_search,200,91,30,18,6,2820000
2026-07-15,social_paid,376,100,30,19,5,2670000
2026-07-15,social_organic,131,56,18,10,1,447000
2026-07-15,email,103,59,17,11,6,1998000
2026-07-16,organic,267,109,36,21,11,4730000
2026-07-16,paid_search,233,100,27,17,7,4053000
2026-07-16,social_paid,350,96,30,17,5,2255000
2026-07-16,social_organic,133,59,19,11,1,457000
2026-07-16,email,92,53,18,11,5,2110000
2026-07-17,organic,272,116,35,22,9,3960000
2026-07-17,paid_search,186,83,22,13,6,2778000
2026-07-17,social_paid,387,111,33,19,6,2250000
2026-07-17,social_organic,102,46,15,9,1,580000
2026-07-17,email,88,50,14,8,5,2565000
2026-07-18,organic,308,128,38,21,13,7358000
2026-07-18,paid_search,281,131,40,23,9,3591000
2026-07-18,social_paid,470,128,43,24,6,2868000
2026-07-18,social_organic,160,74,23,13,2,688000
2026-07-18,email,113,71,24,15,7,3213000
2026-07-19,organic,336,158,49,30,11,3531000
2026-07-19,paid_search,263,112,31,19,7,3318000
2026-07-19,social_paid,469,135,39,23,7,3024000
2026-07-19,social_organic,132,60,17,11,2,942000
2026-07-19,email,117,66,21,12,5,2330000
2026-07-20,organic,260,112,38,22,9,4554000
2026-07-20,paid_search,241,112,34,19,8,2928000
2026-07-20,social_paid,300,76,24,14,4,2200000
2026-07-20,social_organic,124,52,15,9,1,486000
2026-07-20,email,84,49,15,9,5,2145000
2026-07-21,organic,234,110,29,19,9,4500000
2026-07-21,paid_search,210,84,24,14,6,1974000
2026-07-21,social_paid,286,86,28,17,4,1644000
2026-07-21,social_organic,103,50,16,9,1,491000
2026-07-21,email,73,43,12,8,3,1389000
2026-07-22,organic,268,124,39,24,11,5280000
2026-07-22,paid_search,278,132,43,27,8,3712000
2026-07-22,social_paid,347,101,34,22,5,1745000
2026-07-22,social_organic,125,51,15,9,1,471000
2026-07-22,email,96,56,16,10,5,2875000
2026-07-23,organic,310,144,49,28,12,5400000
2026-07-23,paid_search,204,84,28,17,6,2238000
2026-07-23,social_paid,384,99,29,17,5,2505000
2026-07-23,social_organic,99,42,13,7,1,438000
2026-07-23,email,78,48,13,8,5,2610000
2026-07-24,organic,332,144,41,23,13,5278000
2026-07-24,paid_search,221,92,25,16,8,3712000
2026-07-24,social_paid,327,86,28,15,4,1852000
2026-07-24,social_organic,116,54,18,10,1,440000
2026-07-24,email,108,65,20,12,6,3234000
2026-07-25,organic,343,164,54,35,13,4680000
2026-07-25,paid_search,352,148,42,27,11,5764000
2026-07-25,social_paid,486,146,49,27,7,3129000
2026-07-25,social_organic,162,77,20,12,2,1098000
2026-07-25,email,99,67,18,10,5,2880000
2026-07-26,organic,295,120,36,20,10,4510000
2026-07-26,paid_search,302,122,32,20,8,4208000
2026-07-26,social_paid,396,118,34,19,5,2670000
2026-07-26,social_organic,178,79,24,15,2,1002000
2026-07-26,email,118,77,25,16,6,3306000
2026-07-27,organic,320,131,38,24,12,6600000
2026-07-27,paid_search,203,98,32,18,5,2215000
2026-07-27,social_paid,344,91,30,19,4,2188000
2026-07-27,social_organic,138,59,16,10,1,356000
2026-07-27,email,103,58,16,9,5,2290000
2026-07-28,organic,340,164,43,26,14,7532000
2026-07-28,paid_search,270,117,32,18,9,4077000
2026-07-28,social_paid,336,102,27,15,5,2005000
2026-07-28,social_organic,144,64,21,12,2,1116000
2026-07-28,email,107,69,19,12,5,2060000
2026-07-29,organic,258,123,38,24,10,4680000
2026-07-29,paid_search,289,121,35,21,10,4930000
2026-07-29,social_paid,318,84,28,18,5,1805000
2026-07-29,social_organic,140,57,18,10,2,1072000
2026-07-29,email,78,50,17,11,4,1692000
2026-07-30,organic,314,133,37,24,11,4620000
2026-07-30,paid_search,222,104,34,19,6,3396000
2026-07-30,social_paid,387,115,37,23,6,2298000
2026-07-30,social_organic,131,59,18,11,2,1146000
2026-07-30,email,108,65,19,11,6,2676000