"Type","SKU","Name","Short description","Description","Categories","Images","Stock","Regular price","Meta: gia_von","Weight (kg)","Length (cm)","Width (cm)","Height (cm)","Attribute 1 name","Attribute 1 value(s)","Attribute 1 visible","Attribute 1 global","Attribute 2 name","Attribute 2 value(s)","Attribute 2 visible","Attribute 2 global","Attribute 3 name","Attribute 3 value(s)","Attribute 3 visible","Attribute 3 global"
"simple","BUT-GEL-001","Bút bi gel 0.5mm","Bút bi gel 0.5mm mực đều, viết mượt, phù hợp học sinh tiểu học.","Bút bi gel 0.5mm với mực đều màu, viết mượt mà không bị đặc giấy. Thiết kế nhỏ gọn, cầm nắm thoải mái, phù hợp cho học sinh tiểu học trong việc ghi chép và tập viết hàng ngày. Sản phẩm chính hãng, có hóa đơn đầy đủ.","Bút viết > Bút bi & ruột bút","img/but-gel-001.webp","97","58000","39000","0.767","14","0.7","0.7cm","Kiểm định an toàn","Không","1","1","Khối lớp","Mọi lớp","1","1","Loại sản phẩm","Bút bi","1","1"
"simple","BUT-CHI-002","Bút chì gỗ HB","Bút chì gỗ HB đầu nhọn, dễ tẩy, phù hợp học sinh cấp 1.","Bút chì gỗ HB với đầu nhọn chuẩn, chì mềm dễ tẩy sạch. Thân bút làm từ gỗ tự nhiên, thân thiện với môi trường. Phù hợp cho học sinh cấp 1 trong việc tập viết, tập tô và các bài tập hình học.","Bút viết > Bút chì & mực","img/but-chi-002.webp","155","290000","196000","0.435","17","0.8","0.8cm","Kiểm định an toàn","Không","1","1","Khối lớp","Mọi lớp","1","1","Loại sản phẩm","Bút chì","1","1"
"simple","BUT-MUC-003","Bút highlight 5 màu","Bút highlight 5 màu sắc nổi bật, đánh dấu tài liệu hiệu quả.","Bút highlight 5 màu với sắc màu nổi bật: vàng, hồng, xanh lá, xanh dương, tím. Đầu bút chữ V giúp đánh dấu tài liệu hiệu quả, mực khô nhanh không lem. Phù hợp cho học sinh đánh dấu ý quan trọng trong sách giáo khoa.","Bút viết > Bút chì & mực","img/but-muc-003.webp","146","220000","129000","0.222","12","8","2cm","Kiểm định an toàn","Co","1","1","Khối lớp","Mọi lớp","1","1","Loại sản phẩm","Bút highlight","1","1"
"simple","BUT-MUC-004","Bút lông kim 0.4mm","Bút lông kim 0.4mm vẽ nét mảnh, lý tưởng cho họa sĩ chữ và nghệ thuật.","Bút lông kim 0.4mm với đầu bút mảnh, tạo nét vẽ chính xác và mượt mà. Mực đen đậm, viết êm trên nhiều loại giấy. Lựa chọn lý tưởng cho họa sĩ chữ, học sinh học nghệ thuật và những ai yêu thích vẽ tay.","Bút viết > Bút chì & mực","img/but-muc-004.webp","172","35000","24000","0.793","14","0.5","0.5cm","Kiểm định an toàn","Co","1","1","Khối lớp","Mọi lớp","1","1","Loại sản phẩm","Bút lông kim","1","1"
"simple","BUT-MUC-005","Bút xoá nước 8ml","Bút xoá nước 8ml xoá sạch, không để lại vết, tiện lợi cho học sinh.","Bút xoá nước 8ml với dung dịch xoá mịn, xoá sạch không để lại vết ố vàng. Thiết kế nhỏ gọn, dễ dàng mang theo trong hộp bút. Phù hợp cho học sinh khi cần chỉnh sửa bài viết nhanh chóng.","Bút viết > Bút chì & mực","img/but-muc-005.webp","150","290000","181000","0.203","10","3","3cm","Kiểm định an toàn","Co","1","1","Khối lớp","Mọi lớp","1","1","Loại sản phẩm","Bút xoá","1","1"
"simple","BUT-GEL-006","Ruột bút gel 0.5mm","Ruột bút gel 0.5mm thay thế, mực đều, viết êm, tiết kiệm chi phí.","Ruột bút gel 0.5mm thay thế với mực đều màu, viết mượt mà. Thiết kế tiêu chuẩn, tương thích với nhiều loại bút bi. Giúp tiết kiệm chi phí khi cần thay thế ruột bút.","Bút viết > Bút bi & ruột bút","img/but-gel-006.webp","35","220000","157000","0.84","13","0.5","0.5cm","Kiểm định an toàn","Không","1","1","Khối lớp","Mọi lớp","1","1","Loại sản phẩm","Ruột bút","1","1"
"simple","BUT-CHI-007","Bút chì bấm 0.7mm","Bút chì bấm 0.7mm tiện lợi, không cần gọt, phù hợp học sinh.","Bút chì bấm 0.7mm với cơ cấu bấm tiện lợi, không cần gọt bút. Chì mềm, dễ tẩy, phù hợp cho học sinh trong các bài kiểm tra và tập viết hàng ngày. Thiết kế nhẹ nhàng, cầm nắm thoải mái.","Bút viết > Bút chì & mực","img/but-chi-007.webp","173","75000","52000","0.178","15","1","1cm","Kiểm định an toàn","Co","1","1","Khối lớp","Mọi lớp","1","1","Loại sản phẩm","Bút chì bấm","1","1"
"simple","BUT-MUC-008","Bút máy luyện chữ","Bút máy luyện chữ giúp cải thiện chữ viết, phù hợp học sinh tiểu học.","Bút máy luyện chữ với thiết kế đặc biệt giúp cải thiện chữ viết. Mực đen đậm, viết mượt mà trên nhiều loại giấy. Phù hợp cho học sinh tiểu học trong giai đoạn luyện chữ viết đẹp.","Bút viết > Bút chì & mực","img/but-muc-008.webp","114","45000","32000","0.186","16","2","2cm","Kiểm định an toàn","Co","1","1","Khối lớp","Mọi lớp","1","1","Loại sản phẩm","Bút máy","1","1"
"simple","VO-VO-009","Vở kẻ ngang 200 trang","Vở kẻ ngang 200 trang giấy dày, phù hợp học sinh ghi chép và tập viết.","Vở kẻ ngang 200 trang với giấy dày mịn, không loang mực. Bìa vở đẹp, chắc chắn, bảo vệ tốt các trang bên trong. Phù hợp cho học sinh ghi chép, tập viết và làm bài tập hàng ngày.","Vở & sổ > Vở","img/vo-vo-009.webp","162","95000","56000","0.597","21","29.7","0.5cm","Kiểm định an toàn","Co","1","1","Khối lớp","Mọi lớp","1","1","Loại sản phẩm","Vở","1","1"
"simple","VO-VO-010","Vở ô ly lớp 1","Vở ô ly lớp 1 giấy mịn, phù hợp học sinh lớp 1 tập viết.","Vở ô ly lớp 1 với các ô ly chuẩn, giúp học sinh lớp 1 dễ dàng làm quen với cách viết. Giấy mịn, không loang mực, phù hợp với bút chì và bút mực.","Vở & sổ > Vở","img/vo-vo-010.webp","84","165000","120000","0.075","14.8","21","0.3cm","Kiểm định an toàn","Không","1","1","Khối lớp","Lớp 1","1","1","Loại sản phẩm","Vở","1","1"
"simple","VO-SO-011","Sổ tay bìa cứng A5","Sổ tay bìa cứng A5 chắc chắn, phù hợp ghi chép hàng ngày.","Sổ tay bìa cứng A5 với bìa chắc chắn, bảo vệ tốt các trang bên trong. Giấy mịn, phù hợp ghi chép hàng ngày, ghi chú bài học và các ý tưởng cá nhân.","Vở & sổ > Sổ & giấy","img/vo-so-011.webp","196","290000","167000","0.15","14.8","21","1cm","Kiểm định an toàn","Không","1","1","Khối lớp","Mọi lớp","1","1","Loại sản phẩm","Sổ","1","1"
"simple","VO-VO-012","Vở vẽ A4 không dòng","Vở vẽ A4 không dòng giấy dày, lý tưởng cho học sinh vẽ và sáng tạo.","Vở vẽ A4 không dòng với giấy dày, phù hợp cho học sinh vẽ và sáng tạo. Bề mặt giấy mịn, dễ tô màu, không loang mực. Lựa chọn lý tưởng cho các bài tập vẽ trong trường học.","Vở & sổ > Vở","img/vo-vo-012.webp","108","35000","20000","0.115","21","29.7","0.3cm","Kiểm định an toàn","Không","1","1","Khối lớp","Mọi lớp","1","1","Loại sản phẩm","Vở","1","1"
"simple","VO-GIAY-013","Giấy kiểm tra A4 100 tờ","Giấy kiểm tra A4 100 tờ giấy trắng mịn, phù hợp in đề kiểm tra.","Giấy kiểm tra A4 100 tờ với giấy trắng mịn, phù hợp in đề kiểm tra và các tài liệu quan trọng. Độ dày chuẩn, không loang mực khi in ấn.","Vở & sổ > Sổ & giấy","img/vo-giay-013.webp","174","350000","199000","0.618","21","29.7","1cm","Kiểm định an toàn","Co","1","1","Khối lớp","Mọi lớp","1","1","Loại sản phẩm","Giấy","1","1"
"simple","VO-SO-014","Sổ lò xo A5 kẻ ngang","Sổ lò xo A5 kẻ ngang tiện lỡ, phù hợp học sinh ghi chép.","Sổ lò xo A5 kẻ ngang với thiết kế tiện lợi, dễ dàng mở ra và lật trang. Giấy mịn, phù hợp học sinh ghi chép và làm bài tập.","Vở & sổ > Sổ & giấy","img/vo-so-014.webp","57","35000","20000","0.69","14.8","21","0.8cm","Kiểm định an toàn","Co","1","1","Khối lớp","Mọi lớp","1","1","Loại sản phẩm","Sổ","1","1"
"simple","VO-VO-015","Vở tập viết lớp 2","Vở tập viết lớp 2 giấy mịn, phù hợp học sinh lớp 2 tập viết.","Vở tập viết lớp 2 với giấy mịn, phù hợp học sinh lớp 2 trong việc tập viết và làm bài. Thiết kế đơn giản, dễ sử dụng.","Vở & sổ > Vở","img/vo-vo-015.webp","132","95000","66000","0.311","14.8","21","0.3cm","Kiểm định an toàn","Co","1","1","Khối lớp","Lớp 2","1","1","Loại sản phẩm","Vở","1","1"
"simple","VO-SO-016","Sổ ghi chép A6","Sổ ghi chép A6 nhỏ gọn, tiện lỡ mang theo, phù hợp ghi chép nhanh.","Sổ ghi chép A6 nhỏ gọn, tiện lợi mang theo mọi lúc mọi nơi. Giấy mịn, phù hợp ghi chép nhanh, ghi chú quan trọng.","Vở & sổ > Sổ & giấy","img/vo-so-016.webp","113","220000","141000","0.15","10.5","14.8","0.8cm","Kiểm định an toàn","Co","1","1","Khối lớp","Mọi lớp","1","1","Loại sản phẩm","Sổ","1","1"
"simple","DC-HT-017","Hộp bút vải 2 khoá","Hộp bút vải 2 khoá chắc chắn, đựng đầy đủ dụng cụ học tập.","Hộp bút vải 2 khoá với chất liệu vải bền bỉ, chống nước. Thiết kế 2 khoá tiện lợi, đựng đầy đủ dụng cụ học tập. Phù hợp cho học sinh tiểu học.","Dụng cụ > Dụng cụ học tập","img/dc-ht-017.webp","152","58000","42000","0.616","20","10","8cm","Kiểm định an toàn","Co","1","1","Khối lớp","Mọi lớp","1","1","Loại sản phẩm","Hộp bút","1","1"
"simple","DC-VE-018","Thước kẻ nhựa 20cm","Thước kẻ nhựa 20cm trong suốt, phù hợp học sinh đo đạc và vẽ.","Thước kẻ nhựa 20cm trong suốt, có vạch chia chính xác. Phù hợp cho học sinh trong việc đo đạc, vẽ hình học và các bài tập toán.","Dụng cụ > Dụng cụ vẽ","img/dc-ve-018.webp","103","350000","223000","0.882","20","3","0.2cm","Kiểm định an toàn","Co","1","1","Khối lớp","Mọi lớp","1","1","Loại sản phẩm","Thước kẻ","1","1"
"simple","DC-HT-019","Gọt bút chì có hộp","Gọt bút chì có hộp tiện lỡ, giữ bút chì sạch sẽ, phù hợp học sinh.","Gọt bút chì có hộp với thiết kế tiện lợi, giữ cho bút chì luôn sạch sẽ. Phù hợp cho học sinh trong việc gọt bút chì nhanh chóng.","Dụng cụ > Dụng cụ học tập","img/dc-ht-019.webp","131","28000","17000","0.815","8","5","5cm","Kiểm định an toàn","Không","1","1","Khối lớp","Mọi lớp","1","1","Loại sản phẩm","Gọt bút chì","1","1"
"simple","DC-VE-020","Bộ compa 8 chi tiết","Bộ compa 8 chi tiết đầy đủ, phù hợp học sinh học hình học.","Bộ compa 8 chi tiết đầy đủ với các dụng cụ chính xác. Phù hợp cho học sinh trong việc học hình học, vẽ các hình khối và các bài tập toán.","Dụng cụ > Dụng cụ vẽ","img/dc-ve-020.webp","92","75000","45000","0.273","18","8","2cm","Kiểm định an toàn","Không","1","1","Khối lớp","Mọi lớp","1","1","Loại sản phẩm","Compa","1","1"
"simple","DC-HT-021","Kéo học sinh mũi tròn","Kéo học sinh mũi tròn an toàn, phù hợp học sinh tiểu học.","Kéo học sinh mũi tròn với thiết kế an toàn, phù hợp cho học sinh tiểu học. Lưỡi kéo sắc bén, dễ dàng cắt giấy và các vật liệu mỏng.","Dụng cụ > Dụng cụ học tập","img/dc-ht-021.webp","144","15000","9000","0.239","16","6","1cm","Kiểm định an toàn","Co","1","1","Khối lớp","Mọi lớp","1","1","Loại sản phẩm","Kéo","1","1"
"simple","DC-HT-022","Băng keo trong 12mm","Băng keo trong 12mm dính chắc, phù hợp học sinh dán tài liệu.","Băng keo trong 12mm với chất lượng dính tốt, không để lại vết. Phù hợp cho học sinh trong việc dán tài liệu, làm thủ công.","Dụng cụ > Dụng cụ học tập","img/dc-ht-022.webp","178","220000","153000","0.273","10","2","2cm","Kiểm định an toàn","Co","1","1","Khối lớp","Mọi lớp","1","1","Loại sản phẩm","Băng keo","1","1"
"simple","DC-VE-023","Bảng con 2 mặt","Bảng con 2 mặt tiện lỡ, phù hợp học sinh viết và tính toán.","Bảng con 2 mặt với thiết kế tiện lợi, phù hợp cho học sinh trong việc viết, tính toán và ghi chú. Dễ dàng lau chùi và sử dụng lại.","Dụng cụ > Dụng cụ vẽ","img/dc-ve-023.webp","49","220000","139000","0.285","30","20","0.5cm","Kiểm định an toàn","Co","1","1","Khối lớp","Mọi lớp","1","1","Loại sản phẩm","Bảng con","1","1"
"simple","DC-VE-024","Ê ke bộ 2 chiếc","Ê ke bộ 2 chiếc chắc chắn, phù hợp học sinh học hình học.","Ê ke bộ 2 chiếc với chất liệu chắc chắn, phù hợp cho học sinh trong việc học hình học. Giúp vẽ các đường thẳng và góc chuẩn xác.","Dụng cụ > Dụng cụ vẽ","img/dc-ve-024.webp","29","75000","52000","0.394","15","5","1cm","Kiểm định an toàn","Co","1","1","Khối lớp","Mọi lớp","1","1","Loại sản phẩm","Ê ke","1","1"
"simple","BL-BL-025","Ba lô chống gù lớp 1-3","Ba lô chống gù lớp 1-3 thiết kế êm ái, phù hợp học sinh tiểu học.","Ba lô chống gù lớp 1-3 với thiết kế êm ái, giảm áp lực lên vai khi mang nhiều sách vở. Chất liệu bền bỉ, chống nước, phù hợp cho học sinh tiểu học.","Ba lô & túi > Ba lô","img/bl-bl-025.webp","115","35000","26000","0.524","30","40","12cm","Kiểm định an toàn","Không","1","1","Khối lớp","Lớp 1-3","1","1","Loại sản phẩm","Ba lô","1","1"
"simple","BL-BL-026","Ba lô chống gù lớp 4-5","Ba lô chống gù lớp 4-5 thiết kế êm ái, phù hợp học sinh cấp 2.","Ba lô chống gù lớp 4-5 với thiết kế êm ái, giảm áp lực lên vai khi mang nhiều sách vở. Chất liệu bền bỉ, chống nước, phù hợp cho học sinh cấp 2.","Ba lô & túi > Ba lô","img/bl-bl-026.webp","40","120000","85000","0.928","32","42","12cm","Kiểm định an toàn","Co","1","1","Khối lớp","Lớp 4-5","1","1","Loại sản phẩm","Ba lô","1","1"
"simple","BL-TUI-027","Túi đeo chéo A4","Túi đeo chéo A4 nhẹ nhàng, phù hợp học sinh đựng sách vở.","Túi đeo chéo A4 với thiết kế nhẹ nhàng, phù hợp cho học sinh đựng sách vở và tài liệu. Chất liệu bền bỉ, dễ dàng vệ sinh.","Ba lô & túi > Túi","img/bl-tui-027.webp","22","35000","21000","0.241","25","30","5cm","Kiểm định an toàn","Co","1","1","Khối lớp","Mọi lớp","1","1","Loại sản phẩm","Túi","1","1"
"simple","BL-TUI-028","Túi đựng bình nước","Túi đựng bình nước tiện lỡ, phù hợp học sinh mang bình nước.","Túi đựng bình nước với thiết kế tiện lợi, phù hợp cho học sinh mang bình nước đến trường. Chất liệu bền bỉ, giữ nhiệt tốt.","Ba lô & túi > Túi","img/bl-tui-028.webp","126","35000","21000","0.228","20","25","8cm","Kiểm định an toàn","Co","1","1","Khối lớp","Mọi lớp","1","1","Loại sản phẩm","Túi","1","1"
"simple","BL-BL-029","Ba lô có phản quang","Ba lô có phản quang an toàn, phù hợp học sinh đường đi tối.","Ba lô có phản quang với thiết kế an toàn, giúp học sinh được nhìn rõ vào ban đêm. Chất liệu bền bỉ, phù hợp cho học sinh đường đi tối.","Ba lô & túi > Ba lô","img/bl-bl-029.webp","25","350000","260000","0.212","30","40","12cm","Kiểm định an toàn","Co","1","1","Khối lớp","Mọi lớp","1","1","Loại sản phẩm","Ba lô","1","1"
"simple","BL-BL-030","Cặp chống nước lớp 1","Cặp chống nước lớp 1 bền bỉ, phù hợp học sinh lớp 1.","Cặp chống nước lớp 1 với thiết kế bền bỉ, bảo vệ tốt sách vở khỏi nước. Phù hợp cho học sinh lớp 1 trong mọi điều kiện thời tiết.","Ba lô & túi > Ba lô","img/bl-bl-030.webp","86","22000","16000","0.36","25","35","3cm","Kiểm định an toàn","Không","1","1","Khối lớp","Lớp 1","1","1","Loại sản phẩm","Cặp","1","1"
"simple","BL-TUI-031","Túi giữ nhiệt hộp cơm","Túi giữ nhiệt hộp cơm giữ nhiệt tốt, phù hợp học sinh mang cơm.","Túi giữ nhiệt hộp cơm với khả năng giữ nhiệt tốt, giữ cho thức ăn luôn ấm. Phù hợp cho học sinh mang cơm đến trường.","Ba lô & túi > Túi","img/bl-tui-031.webp","196","165000","92000","0.628","25","20","10cm","Kiểm định an toàn","Co","1","1","Khối lớp","Mọi lớp","1","1","Loại sản phẩm","Túi","1","1"
"simple","BL-BL-032","Balo thể thao trẻ em","Balo thể thao trẻ em nhẹ nhàng, phù hợp học sinh đi chơi.","Balo thể thao trẻ em với thiết kế nhẹ nhàng, phù hợp cho học sinh đi chơi và vận động. Chất liệu bền bỉ, nhiều ngăn tiện lợi.","Ba lô & túi > Ba lô","img/bl-bl-032.webp","50","350000","248000","0.799","35","45","15cm","Kiểm định an toàn","Co","1","1","Khối lớp","Mọi lớp","1","1","Loại sản phẩm","Balo","1","1"
"simple","MT-MAU-033","Sáp màu 24 màu","Sáp màu 24 màu sắc nổi bật, phù hợp học sinh vẽ và sáng tạo.","Sáp màu 24 màu với sắc màu nổi bật, phù hợp cho học sinh trong việc vẽ và sáng tạo. Chất liệu mềm, dễ dàng tô màu.","Mỹ thuật > Màu vẽ","img/mt-mau-033.webp","27","28000","20000","0.71","10","5","2cm","Kiểm định an toàn","Co","1","1","Khối lớp","Mọi lớp","1","1","Loại sản phẩm","Sáp màu","1","1"
"simple","MT-MAU-034","Màu nước 12 ô","Màu nước 12 ô màu sắc đẹp, phù hợp học sinh học màu.","Màu nước 12 ô với sắc màu đẹp, phù hợp cho học sinh trong việc học màu và vẽ. Chất liệu cao cấp, không độc hại.","Mỹ thuật > Màu vẽ","img/mt-mau-034.webp","123","22000","15000","0.907","15","10","3cm","Kiểm định an toàn","Không","1","1","Khối lớp","Mọi lớp","1","1","Loại sản phẩm","Màu nước","1","1"
"simple","MT-MAU-035","Bút chì màu 36 màu","Bút chì màu 36 màu sắc đẹp, phù hợp học sinh vẽ và tô màu.","Bút chì màu 36 màu với sắc màu đẹp, phù hợp cho học sinh trong việc vẽ và tô màu. Chì mềm, dễ dàng tô màu.","Mỹ thuật > Màu vẽ","img/mt-mau-035.webp","139","290000","212000","0.532","18","8","2cm","Kiểm định an toàn","Co","1","1","Khối lớp","Mọi lớp","1","1","Loại sản phẩm","Bút chì màu","1","1"
"simple","MT-DCMT-036","Đất sét nặn 12 màu","Đất sét nặn 12 màu sắc nổi bật, phù hợp học sinh nặn hình.","Đất sét nặn 12 màu với sắc màu nổi bật, phù hợp cho học sinh trong việc nặn hình và sáng tạo. Chất liệu mềm, dễ dàng nặn hình.","Mỹ thuật > Dụng cụ mỹ thuật","img/mt-dcmt-036.webp","186","75000","48000","0.743","15","10","5cm","Kiểm định an toàn","Co","1","1","Khối lớp","Mọi lớp","1","1","Loại sản phẩm","Đất sét","1","1"
"simple","MT-MAU-037","Giấy màu thủ công","Giấy màu thủ công nhiều màu sắc, phù hợp học sinh làm thủ công.","Giấy màu thủ công với nhiều màu sắc, phù hợp cho học sinh trong việc làm thủ công và sáng tạo. Chất liệu dày, dễ dàng cắt và dán.","Mỹ thuật > Màu vẽ","img/mt-mau-037.webp","152","165000","106000","0.293","21","29.7","0.5cm","Kiểm định an toàn","Không","1","1","Khối lớp","Mọi lớp","1","1","Loại sản phẩm","Giấy màu","1","1"
"simple","MT-DCMT-038","Cọ vẽ bộ 6 chiếc","Cọ vẽ bộ 6 chiếc chất lượng, phù hợp học sinh học vẽ.","Cọ vẽ bộ 6 chiếc với chất lượng cao, phù hợp cho học sinh trong việc học vẽ. Lông cọ mềm, dễ dàng tô màu.","Mỹ thuật > Dụng cụ mỹ thuật","img/mt-dcmt-038.webp","59","165000","102000","0.882","20","8","2cm","Kiểm định an toàn","Co","1","1","Khối lớp","Mọi lớp","1","1","Loại sản phẩm","Cọ vẽ","1","1"
"simple","MT-DCMT-039","Bảng pha màu nhựa","Bảng pha màu nhựa tiện lỡ, phù hợp học sinh pha màu.","Bảng pha màu nhựa với thiết kế tiện lợi, phù hợp cho học sinh trong việc pha màu. Chất liệu bền bỉ, dễ dàng vệ sinh.","Mỹ thuật > Dụng cụ mỹ thuật","img/mt-dcmt-039.webp","158","22000","14000","0.658","20","15","0.5cm","Kiểm định an toàn","Co","1","1","Khối lớp","Mọi lớp","1","1","Loại sản phẩm","Bảng pha màu","1","1"
"simple","MT-DCMT-040","Bộ tô tượng thạch cao","Bộ tô tượng thạch cao sáng tạo, phù hợp học sinh học tô tượng.","Bộ tô tượng thạch cao với thiết kế sáng tạo, phù hợp cho học sinh trong việc học tô tượng. Chất liệu cao cấp, dễ dàng sử dụng.","Mỹ thuật > Dụng cụ mỹ thuật","img/mt-dcmt-040.webp","71","290000","184000","0.184","25","15","10cm","Kiểm định an toàn","Co","1","1","Khối lớp","Mọi lớp","1","1","Loại sản phẩm","Tô tượng","1","1"
